"Drone moves ahead and there is no object ahead. What is your reward function?? In the context of reinforcement learning for a drone, if the drone encounters an ""empty space"" or ""no object ahead,"" the reward function should reflect that the agent has successfully moved forward without encountering any obstacles. A common approach to this scenario would be to assign a positive reward when the drone moves in a straight line or takes a step forward, but with a slight negative reward (or penalty) to discourage unnecessary movements.

Here's a simple example of a reward function:

1. **Positive Reward for Moving Forward:**
   - If the drone moves forward (e.g., by taking a step), you might give it a positive reward, say +1.
   
2. **Negative Reward for No Object Ahead:**
   - If the drone detects no object ahead and continues moving, you might subtract a small penalty, say -0.1.

3. **Penalty for Reversing or Stopping:**
   - If the drone reverses or stops, you might subtract a larger penalty, say -5.

4. **Other Considerations:**
   - You could also include a penalty for unnecessary movements, such as turning too much or zigzagging.

Here’s a possible formulation of the reward function:

\[ R = \begin{cases} 
+1 & \text{if the drone moves forward} \\
-0.1 & \text{if the drone moves forward but no object is detected} \\
-5 & \text{if the drone reverses or stops} \\
\end{cases} \]

You can adjust the values of the rewards based on how important each aspect of the behavior is for your specific task. For instance, if avoiding unnecessary movements is crucial, you might want to increase the penalty for reversing or stopping. 

If you want to incorporate exploration and avoid getting stuck in local minima, you might also consider adding a small exploration reward, which could be a very small positive value (say +0.01) every time the drone takes a step, even if it's not moving forward. This encourages the drone to keep exploring its environment.

Overall, the key is to design a reward function that aligns with the objectives of your drone navigation task. Adjust the parameters based on the specific needs and constraints of your problem."
"Drone moves ahead and there is no object ahead. What is your reward function?? I have a drone which has a sensor that detects objects in front of it. It can move forward or backward. There are two states, one where there is an object in front and one where there is not an object in front. The drone can move either forward or backward.
I want to create a reward function such that the drone will learn to move forward if there is an object in front and will learn to move backward if there is no object in front. 
The drone has a reward of +1 for moving forward when there is an object in front and -1 for moving backward when there is no object in front. 
What should my reward function look like?
Your problem involves designing a reinforcement learning (RL) environment with specific objectives for the drone based on its sensor readings and movement actions. Given the conditions you described, here's how you could define the reward function:

### States and Actions
- **State 1**: No object in front
- **State 2**: Object in front

- **Actions**:
  - Move Forward
  - Move Backward

### Rewards
- **Reward for State 1 (No Object in Front)**:
  - Reward: -1 if the drone moves Forward.
  - Reward: +1 if the drone moves Backward.

- **Reward for State 2 (Object in Front)**:
  - Reward: +1 if the drone moves Forward.
  - Reward: -1 if the drone moves Backward.

### Reward Function Definition
You can define the reward function as follows:

\[ R(s_t, a_t) = \begin{cases} 
-1 & \text{if } s_t = \text{No Object in Front \text{ and } a_t = \text{Move Forward}} \\
+1 & \text{if } s_t = \text{No Object in Front \text{ and } a_t = \text{Move Backward}} \\
+1 & \text{if } s_t = \text{Object in Front \text{ and } a_t = \text{Move Forward}} \\
-1 & \text{if } s_t = \text{Object in Front \text{ and } a_t = \text{Move Backward}}
\end{cases} \]

### Simplified Version
For simplicity, you can also combine the conditional statements into a single reward function using binary variables:

Let \( r_{\text{no_object}} \) be a binary variable:
- \( r_{\text{no_object}} = 1 \) if there is no object in front.
- \( r_{\text{no_object}} = 0 \) if there is an object in front.

Then the reward function can be written as:

\[ R(s_t, a_t) = r_{\text{no_object}} \times (-a_t + 1) \]

Where:
- \( -a_t + 1 \):
  - \( +1 \) if \( a_t = \text{Move Backward} \)
  - \( -1 \) if \( a_t = \text{Move Forward} \)

So, the final reward function becomes:

\[ R(s_t, a_t) = \begin{cases} 
-1 & \text{if } r_{\text{no_object}} = 1 \text{ and } a_t = \text{Move Forward} \\
+1 & \text{if } r_{\text{no_object}} = 1 \text{ and } a_t = \text{Move Backward} \\
+1 & \text{if } r_{\text{no_object}} = 0 \text{ and } a_t = \text{Move Forward} \\
-1 & \text{if } r_{\text{no_object}} = 0 \text{ and } a_t = \text{Move Backward}
\end{cases} \]

### Summary
Your reward function effectively guides the drone to move forward when there is an object in front and to move backward when there is no object in front. This setup ensures that the drone learns the correct behavior through reinforcement learning. 

This approach leverages simple binary logic to condition the rewards based on the state and action taken by the drone."
"Drone moves ahead and there is no object ahead. What is your reward function?? In the case of a drone moving in an environment, if it encounters an obstacle or an object that is not intended to be moved, how would you design the reward function to penalize such actions? Assume the drone is programmed to avoid collisions and move towards a goal.

To design a reward function for a drone navigating an environment with the objective of avoiding obstacles and reaching a goal, we need to consider both the success of reaching the goal and the avoidance of collisions. Here's a step-by-step approach to designing the reward function:

1. **Goal Reward**: The drone should receive a positive reward for reaching the goal location. This encourages the drone to always aim for the goal.

2. **Collision Penalty**: The drone should receive a negative reward (or penalty) for any collision with an obstacle. This encourages the drone to avoid obstacles.

3. **Movement Cost**: There might also be a cost associated with the drone's movement, especially if it moves unnecessarily far from the goal. This can be designed to penalize large deviations from the optimal path.

Let's define the reward function \( R(t) \) at time \( t \):

\[ R(t) = 
\begin{cases} 
+1 & \text{if the drone reaches the goal}, \\
-1 & \text{if the drone collides with an obstacle}, \\
-0.1 \cdot d^2 & \text{if the drone moves away from the goal by a distance } d > 0, \\
0 & \text{otherwise}.
\end{cases}
\]

Here, \( d \) is the Euclidean distance between the drone's current position and the goal position. The term \( -0.1 \cdot d^2 \) penalizes the drone for moving away from the goal, where \( d^2 \) is the squared distance to emphasize larger penalties for greater distances.

### Example Breakdown:
- If the drone successfully reaches the goal: \( R(t) = +1 \).
- If the drone collides with an obstacle: \( R(t) = -1 \).
- If the drone moves away from the goal without colliding: \( R(t) = -0.1 \cdot d^2 \).

This reward function encourages the drone to minimize its distance to the goal while avoiding collisions, thereby promoting safe and efficient navigation.

### Implementation:
In practice, the reward function could be implemented as follows:

1. **Goal Detection**: Check if the drone's current position matches the goal position.
2. **Obstacle Detection**: Detect if the drone's current position is within a certain threshold of an obstacle.
3. **Distance Calculation**: Calculate the Euclidean distance between the drone's current position and the goal position.
4. **Reward Calculation**:
   - If the drone reaches the goal, set \( R(t) = +1 \).
   - If the drone collides with an obstacle, set \( R(t) = -1 \).
   - If the drone moves away from the goal, set \( R(t) = -0.1 \cdot d^2 \).

By incorporating these elements into the reward function, the drone will be incentivized to follow a trajectory that minimizes collisions and keeps it close to the goal, ensuring both safety and efficiency in its navigation."
"Drone moves ahead and there is no object ahead. What is your reward function?? The reward function in a reinforcement learning (RL) setting for a drone moving in an environment with obstacles would typically be designed to encourage the drone to avoid collisions and navigate towards its goal while penalizing any actions that lead to collisions or other undesirable outcomes. Here’s a basic formulation of such a reward function:

### Reward Function
- **Reward for Avoiding Obstacles**: +10 points if the drone successfully avoids an obstacle.
- **Penalty for Collisions**: -50 points if the drone collides with an obstacle.
- **Penalty for Moving in Reverse**: -10 points if the drone moves backward.
- **Penalty for Not Moving Forward**: -10 points if the drone does not move forward.
- **Reward for Reaching the Goal**: +100 points if the drone reaches the target/goal location.

### Example Reward Function
```python
def reward_function(state, action):
    # Check if there are obstacles in front of the drone
    obstacles_in_front = False
    for obstacle in obstacles:
        if obstacle.position.x <= state[0] < obstacle.position.x + obstacle.length and obstacle.position.y <= state[1] < obstacle.position.y + obstacle.width:
            obstacles_in_front = True

    # Calculate reward based on actions and state
    reward = 0

    # Reward for avoiding obstacles
    if not obstacles_in_front:
        reward += 10

    # Penalty for collisions
    if obstacles_in_front:
        reward -= 50

    # Penalty for moving in reverse
    if action == 'reverse':
        reward -= 10

    # Penalty for not moving forward
    if action != 'forward':
        reward -= 10

    # Reward for reaching the goal
    if state[0] >= goal_position[0] and state[1] >= goal_position[1]:
        reward += 100

    return reward
```

### Explanation
- **Obstacle Detection**: The `obstacles_in_front` variable checks whether there are any obstacles in front of the drone's current position.
- **Reward for Avoiding Obstacles**: If there are no obstacles in front, the drone gets a reward of +10.
- **Penalty for Collisions**: If the drone encounters an obstacle, it gets a penalty of -50.
- **Penalty for Moving in Reverse**: If the drone moves backward, it loses 10 points.
- **Penalty for Not Moving Forward**: If the drone doesn't move forward, it loses another 10 points.
- **Reward for Reaching the Goal**: If the drone reaches the goal, it receives a significant reward of +100.

### Implementation Notes
- **State Representation**: The state can include the drone's position (`state[0], state[1]`) and orientation/velocity.
- **Action Space**: Actions could include `forward`, `backward`, `left`, `right`.
- **Environment Setup**: You need to define the positions and dimensions of obstacles and the goal location.

This is a simple example, and you may want to adjust the values and add more complex logic depending on the specific requirements of your drone navigation task."
"Drone moves ahead and there is no object ahead. What is your reward function?? The reward function in a drone navigation system typically aims to encourage the drone to move towards its target or goal while avoiding obstacles. If the drone moves ahead and there is no object ahead, it usually means the drone has successfully moved forward without encountering any obstacles. Therefore, the reward function should reflect this successful movement.

A common reward function for such a scenario might be:

\[ R = +1 \]

This indicates that the drone has completed a successful step without hitting an obstacle, resulting in a positive reward of 1. This reward can be adjusted based on specific requirements or the complexity of the environment.

If the environment changes (e.g., new obstacles appear), the reward function may need to be updated accordingly to ensure the drone continues to behave optimally. For example, if the drone encounters an obstacle, the reward could be:

\[ R = -1 \text{ if an obstacle is hit} \]
\[ R = 0 \text{ if moving without hitting an obstacle} \]

In summary, if the drone moves ahead and there is no object ahead, the typical reward function would be:

\[ R = +1 \]"
"Drone moves ahead and there is no object ahead. What is your reward function?? I want to move forward and avoid obstacles. If I do not move, my reward should be negative.

In a reinforcement learning setting where the goal is to move forward while avoiding obstacles, your reward function can be designed to encourage movement and discourage staying still or moving into obstacles. Here’s a typical formulation of such a reward function:

### Reward Function
1. **Reward for Moving Forward**: If the drone moves forward (i.e., its position changes in the forward direction), you should receive a positive reward.
2. **Reward for Avoiding Obstacles**: If the drone avoids an obstacle (i.e., it does not collide with any obstacles), you should also receive a positive reward.
3. **Penalty for Staying Still**: If the drone stays still (i.e., its position does not change) or moves towards an obstacle, you should receive a negative reward.
4. **Terminal Reward**: At the end of each episode, you might want to give a final reward based on how well you performed overall. For example, if the drone successfully reached a target without colliding with any obstacles, you could give a high positive reward. Otherwise, a lower reward or even a negative reward might be appropriate.

### Example Formulation

Let's denote:
- \( x_t \) as the drone's current position.
- \( u_t \) as the action taken at time step \( t \).
- \( r_t \) as the reward at time step \( t \).

#### Positive Rewards
1. **Move Forward**: 
   - If \( u_t \) results in a change in position in the forward direction, \( r_t = +1 \).
   
2. **Avoid Obstacle**:
   - If the drone avoids an obstacle, \( r_t = +0.5 \).

#### Negative Rewards
1. **Stay Still or Move Towards Obstacle**:
   - If the drone stays still or moves towards an obstacle, \( r_t = -1 \).

#### Terminal Reward
- At the end of the episode, if the drone successfully reaches the target without any collisions, \( r_{\text{terminal}} = +10 \).
- Otherwise, \( r_{\text{terminal}} = -5 \).

### Mathematical Representation
\[ r_t = \begin{cases} 
+1 & \text{if } u_t \text{ results in a forward movement and no collision} \\
+0.5 & \text{if } u_t \text{ results in no collision but no forward movement} \\
-1 & \text{otherwise} \\
\end{cases} \]

\[ r_{\text{terminal}} = \begin{cases} 
+10 & \text{if the drone reaches the target without collisions} \\
-5 & \text{otherwise} \\
\end{cases} \]

### Summary
- **Forward Movement**: Positive reward.
- **Avoiding Obstacles**: Positive reward.
- **Staying Still or Moving into Obstacles**: Negative reward.
- **Terminal Reward**: Based on successful completion of the task.

This reward function will encourage the drone to move forward and avoid obstacles while penalizing staying still or moving into them. The terminal reward ensures that the drone receives feedback on its overall performance at the end of each episode. Adjust the magnitudes and types of rewards as necessary to fine-tune the behavior of the drone."
"Drone moves ahead and there is no object ahead. What is your reward function?? - 10 points for moving forward, -5 points for turning left or right, and -1 point for not moving. If the drone can move up to 3 steps forward in one turn, what is the optimal action to take? If the drone can only move up to 2 steps forward in one turn, what is the optimal action to take?
To determine the optimal action for the drone, we need to consider the given reward function and the constraints on the drone's movement.

### Scenario 1: Drone can move up to 3 steps forward in one turn
The reward function is:
- +10 points for moving forward
- -5 points for turning left or right
- -1 point for not moving

Given these conditions, the optimal action is to move forward as much as possible within the allowed steps (up to 3 steps). Therefore, if the drone can move up to 3 steps forward in one turn, the optimal action is to move forward 3 steps.

### Scenario 2: Drone can only move up to 2 steps forward in one turn
Similarly, the optimal action is to move forward as much as possible within the allowed steps (up to 2 steps). Therefore, if the drone can only move up to 2 steps forward in one turn, the optimal action is to move forward 2 steps.

In both scenarios, the optimal actions are straightforward based on the maximum allowed steps:
- For up to 3 steps: Move forward 3 steps.
- For up to 2 steps: Move forward 2 steps.

Thus, the final answers are:
- If the drone can move up to 3 steps forward in one turn, the optimal action is to **move forward 3 steps**.
- If the drone can only move up to 2 steps forward in one turn, the optimal action is to **move forward 2 steps**."
"Drone moves ahead and there is no object ahead. What is your reward function?? Let’s say I have a drone that moves in a 2D plane, and the goal of the drone is to move from point A to point B. There are obstacles in between, and I want to train the drone to navigate around these obstacles.
I would use a reward function like this:
Reward = -1000 if obstacle is hit
Reward = 0 if drone is at point A or point B
Reward = 10 if drone is not at an obstacle and not at the goal
So if the drone hits an obstacle it will be penalized heavily and will try to avoid obstacles in future episodes.
If the drone reaches either goal then it will receive a large positive reward, so it will want to reach the goal.
However, if the drone moves forward but there is no object ahead, what should my reward function look like? Should I give it a negative reward, zero reward, or something else?
In the context of training a drone to navigate around obstacles while moving from point A to point B in a 2D plane, you need to consider how the drone's behavior should respond to different states, including when there is no obstacle directly ahead.

### Reward Function Considerations

1. **Avoiding Obstacles**: You already have a strong incentive for the drone to avoid obstacles by penalizing them heavily (e.g., -1000 points).

2. **Reaching Goals**: The drone should receive a large positive reward when it reaches either goal point (A or B), incentivizing it to follow the path towards those points.

3. **Moving Forward**: When the drone moves forward but encounters no obstacles ahead, it should ideally continue moving towards the goal without additional penalties or rewards. This can be achieved by setting a neutral reward or a very small positive reward.

### Recommended Reward Function

Here’s a refined reward function that balances these considerations:

- **Obstacle Hit**: `-1000` points
- **At Goal Point A**: `+5000` points
- **At Goal Point B**: `+5000` points
- **No Obstacle Ahead** (and not at a goal): `+0.01` points

This reward function ensures that:
- The drone avoids obstacles aggressively.
- Reaching the goals is highly rewarding.
- Moving forward with no obstacles ahead is slightly rewarded to encourage continuous progress towards the goals.

### Example Implementation

```python
def reward_function(state, action):
    # Check if the drone is at a goal point
    if state[0] == 0 and state[1] == 0:  # Assuming point A is (0, 0)
        return 5000
    elif state[0] == 10 and state[1] == 10:  # Assuming point B is (10, 10)
        return 5000
    
    # Check if the drone is at an obstacle
    if np.any(np.abs(state) > 10):  # Assuming obstacles are within a radius of 10 units
        return -1000
    
    # No obstacle ahead and not at a goal
    return 0.01
```

### Explanation

- **Goal Points**: If the drone reaches either point A or B, it receives a large positive reward (`5000`).
- **Obstacle Detection**: If the drone hits an obstacle, it receives a heavy penalty (`-1000`).
- **Neutral Reward**: When the drone moves forward but there is no obstacle ahead and it is not at a goal, it gets a small positive reward (`0.01`). This encourages the drone to keep moving without unnecessary penalties.

By structuring the reward function this way, you ensure that the drone learns to navigate efficiently around obstacles while also focusing on reaching its goals."
"Drone moves ahead and there is no object ahead. What is your reward function?? If the drone is moving forward and there is an object in front of it, what is your reward function??
The reward function in reinforcement learning for a drone's navigation can be designed to encourage safe and efficient movement while penalizing unsafe or inefficient actions. Here are two possible scenarios with their corresponding reward functions:

### Scenario 1: Drone Moves Forward and There Is No Object Ahead
In this scenario, you want to encourage the drone to keep moving forward without any negative consequences. A simple and effective reward function could be:

\[ R = +1 \]

This means that every time the drone successfully moves forward (i.e., its direction vector points forward), it receives a positive reward of 1.

### Scenario 2: Drone Moves Forward and There Is an Object in Front of It
In this scenario, you want to penalize the drone for moving into an object. A suitable reward function might look like this:

\[ R = -\text{distance\_to\_object} \]

Here, `distance_to_object` is a scalar value representing the distance from the drone to the nearest object in front of it. The higher the value of `distance_to_object`, the more negative the reward will be, encouraging the drone to avoid objects.

Alternatively, you could use a more sophisticated function that combines proximity to the object with the speed or acceleration of the drone:

\[ R = -\left( k_1 \times \text{distance\_to\_object} + k_2 \times \text{speed}^2 \right) \]

Where:
- \( k_1 \) is a coefficient that controls how strongly the distance to the object influences the reward.
- \( k_2 \) is a coefficient that controls how strongly the speed influences the penalty.
- `speed` is the current speed of the drone.

### Example Reward Functions

#### Scenario 1:
\[ R = +1 \]

#### Scenario 2:
\[ R = -\text{distance\_to\_object} \]

Or a more complex version:
\[ R = -\left( 0.5 \times \text{distance\_to\_object} + 0.2 \times \text{speed}^2 \right) \]

These reward functions provide a clear feedback mechanism for the drone to learn which actions are optimal. In practice, you might also consider incorporating additional factors such as altitude, orientation, or other environmental conditions to make the reward function more comprehensive and realistic."
"Drone moves forward and there is one object in front of the drohen. What is your reward function? I am currently working on a reinforcement learning problem, where my agent (a drone) can move forward and it has to avoid obstacles. My question is: what is the correct way to design a reward function for this scenario?
My current reward function is:
reward = -distance_to_obstacle
where distance_to_obstacle is the euclidean distance between the drone and the obstacle.
The issue with this reward function is that if the drone gets very close to the obstacle, the reward becomes negative infinity. Is there a better way to formulate the reward function that takes into account the distance to the obstacle while also considering the proximity to the edge of the environment?
Yes, your current reward function has some issues. The reward should be positive when the drone is safe and negative when the drone is in danger. If the drone gets very close to the obstacle, the reward should still be negative, but not as negative as it would be if the drone were very close to the edge of the environment.
One possible reward function could be:
reward = -min(distance_to_obstacle, distance_to_environment_edge)
This reward function gives a higher penalty when the drone is closer to the obstacle compared to the edge of the environment. This encourages the drone to stay away from both obstacles and the edges of the environment.
Another option could be:
reward = -max(distance_to_obstacle, distance_to_environment_edge)
This reward function gives a higher penalty when the drone is closer to either the obstacle or the edge of the environment. This encourages the drone to stay away from both obstacles and the edges of the environment.
You could also consider using a combination of these two functions, depending on the specific requirements of your task.
It's important to note that the optimal reward function will depend on the specifics of your task, such as the size and shape of the environment, the speed and agility of the drone, and the desired behavior of the drone. You may need to experiment with different reward functions to find the one that works best for your use case."
"Drone moves forward and there is one object in front of the drohen. What is your reward function? Suppose I have a drone that can move in 2D space (x,y). The drone can move at a maximum speed of 10m/s. There is an object in the environment that the drone should avoid. 
What would be a good reward function for this task?
One possible reward function for this task could be:

\[ R = -\min_{t \in [0, T]} \left( \sqrt{(x_t - x_{obj})^2 + (y_t - y_{obj})^2} \right) + \alpha \cdot v^2 \]

where:
- \( R \) is the reward.
- \( t \) represents time steps from 0 to \( T \) (the maximum time horizon).
- \( x_t \) and \( y_t \) are the position coordinates of the drone at time step \( t \).
- \( x_{obj} \) and \( y_{obj} \) are the position coordinates of the object.
- \( v \) is the velocity of the drone at time step \( t \).
- \( \alpha \) is a positive scalar that balances the trade-off between avoiding the object and maintaining high speed.

### Explanation:

1. **Avoiding the Object:**
   - The term \( \min_{t \in [0, T]} \left( \sqrt{(x_t - x_{obj})^2 + (y_t - y_{obj})^2} \right) \) measures the minimum distance between the drone and the object over the entire trajectory. By minimizing this distance, the drone avoids the object as much as possible.
   - The negative sign in front of this term ensures that higher rewards are given when the drone stays farther away from the object.

2. **Maintaining Speed:**
   - The term \( \alpha \cdot v^2 \) encourages the drone to maintain high speed. The factor \( \alpha \) controls how strongly the speed penalty affects the reward. A larger \( \alpha \) will make the drone prioritize staying far from the object more than maintaining a fast speed.

3. **Time Horizon \( T \):**
   - The reward is calculated over the entire trajectory up to time \( T \), ensuring that the drone's performance is evaluated over its entire movement.

4. **Velocity \( v \):**
   - The velocity \( v \) is used to penalize slow movements, which might be necessary to avoid the object but not necessarily optimal for efficient navigation.

### Example:

If the drone starts at position \( (0, 0) \), the object is at \( (15, 0) \), and the maximum time horizon \( T = 10 \) seconds, with \( \alpha = 0.1 \):

- If the drone moves directly towards the object and reaches it within the first few seconds, the reward will be very low because the distance to the object is minimized quickly.
- If the drone maintains a safe distance from the object while also moving at a reasonable speed, the reward will be higher due to the balance between the two terms.

This reward function encourages the drone to find a balance between avoiding the object and maintaining a decent speed, which can be adapted based on specific requirements or constraints."
"Drone moves forward and there is one object in front of the drohen. What is your reward function? I am designing a reinforcement learning problem for a drone moving on a grid. The drone can move up, down, left, or right. The goal is to move the drone from the start to the end.
I am trying to design a reward function for this problem. I want to reward the drone for taking short paths and penalize it for taking long paths. 
The only thing that is different between my problem and a typical gridworld problem is that there is one object (let's call it ""obstacle"") in front of the drone at each time step. When the drone collides with the obstacle, the drone gets stuck and stays in the same position until the episode ends. 
My question is: what should be the reward function?
I have two ideas:
1) Reward the drone for moving one unit closer to the goal and penalize it for moving one unit away from the goal.
2) Reward the drone for moving one unit closer to the goal and penalize it for moving two units away from the goal.
Which one would be better? Or is there a better option? Both of your proposed reward functions have their merits, but they might not fully capture the nuances of your scenario where the drone can get stuck by an obstacle. Let's analyze both options more closely:

### Option 1: Reward for Moving Closer to the Goal and Penalize for Moving Away
\[ R(s_t, a_t) = \begin{cases} 
+1 & \text{if } s_{t+1} = s_t + a_t \\
-1 & \text{if } s_{t+1} = s_t - a_t \\
0 & \text{otherwise}
\end{cases} \]

**Pros:**
- This simple reward function directly incentivizes the drone to move towards the goal.
- It does not account for the penalty when the drone gets stuck due to the obstacle.

**Cons:**
- The drone might still choose to take longer paths if the cost of getting stuck is not sufficiently high.
- There is no explicit penalty for taking a path that leads to getting stuck.

### Option 2: Reward for Moving Closer to the Goal and Penalize for Moving Two Units Away
\[ R(s_t, a_t) = \begin{cases} 
+1 & \text{if } s_{t+1} = s_t + a_t \\
-2 & \text{if } s_{t+1} = s_t - 2a_t \\
0 & \text{otherwise}
\end{cases} \]

**Pros:**
- Explicitly penalizes the drone for taking a path that leads to getting stuck by the obstacle.
- Encourages the drone to find alternative routes that avoid the obstacle.

**Cons:**
- The penalty for moving two units away might be too harsh, leading to suboptimal behavior where the drone avoids any movement rather than taking risks.
- The drone might still choose paths that are slightly less optimal but do not lead to immediate penalties.

### A Hybrid Approach
A more balanced approach could be to combine elements from both options:

\[ R(s_t, a_t) = \begin{cases} 
+1 & \text{if } s_{t+1} = s_t + a_t \\
-1 & \text{if } s_{t+1} = s_t - a_t \\
-2 & \text{if } s_{t+1} = s_t - 2a_t \\
0 & \text{otherwise}
\end{cases} \]

**Pros:**
- Rewards the drone for moving closer to the goal.
- Penalties for moving away from the goal.
- Explicitly penalizes moving two units away, which helps discourage risky behaviors.

**Cons:**
- The penalty for moving two units away is still significant, so the drone might still avoid certain movements.
- The drone might need to learn to balance exploration and exploitation effectively.

### Conclusion
Given the scenario where the drone can get stuck, **Option 2** with the hybrid approach seems to be the most balanced. It explicitly penalizes the drone for taking paths that lead to getting stuck, while also rewarding progress towards the goal.

You might also consider tuning the penalty strength (\(-2\)) to ensure that the drone finds a good trade-off between exploration and exploitation. Additionally, you could use additional features like the distance to the obstacle or the remaining distance to the goal to further refine your reward function. 

Overall, combining the rewards and penalties appropriately will help the drone learn an effective strategy to reach the goal while avoiding obstacles."
"Drone moves forward and there is one object in front of the drohen. What is your reward function? I am trying to build a reward function for a drone that moves forward in a 2D environment with one object in front of it.
The drone can move up, down, left or right but not diagonally.
My goal is to have the drone avoid the object and move as close as possible to it.
I was thinking about using the following:
$R = -d^2$
Where $d$ is the distance between the drone and the object.
But this seems a bit too simple. Is there a better way to calculate the reward?

To create an effective reward function for your drone navigation task, you need to balance the goals of avoiding the obstacle and moving towards the target (object). A common approach is to use a combination of rewards that penalize the drone's movement towards the obstacle while incentivizing its movement towards the target.

Here’s a step-by-step approach to designing a more nuanced reward function:

1. **Define the Goal**: The drone should move towards the object while avoiding it. This means the drone should get closer to the object while maintaining a safe distance from it.

2. **Reward Structure**:
   - **Penalty for Moving Towards Obstacle**: Penalize the drone for moving towards the object.
   - **Reward for Moving Towards Target**: Reward the drone for moving towards the object.
   - **Penalty for Moving Away from Target**: Penalize the drone for moving away from the object.

3. **Distance Metrics**:
   - Use Euclidean distance to measure the distance between the drone and the object.
   - Use a threshold distance to define when the drone is ""safe"" from the object (i.e., not too close).

4. **Reward Function**:
   \[
   R = \alpha \cdot d_{\text{target}} - \beta \cdot d_{\text{obstacle}} - \gamma \cdot d_{\text{away}}
   \]
   where:
   - \( d_{\text{target}} \) is the distance between the drone and the object.
   - \( d_{\text{obstacle}} \) is the distance between the drone and the object.
   - \( d_{\text{away}} \) is the distance between the drone and the target (assuming the target is fixed).
   - \(\alpha\), \(\beta\), and \(\gamma\) are positive constants that control the relative importance of each term.

5. **Threshold Distance**:
   Define a threshold distance \( d_{\text{safe}} \) such that if \( d_{\text{obstacle}} < d_{\text{safe}} \), the drone should stop moving towards the object. You can adjust this threshold based on the size of the drone and the object.

6. **Safety Constraint**:
   Add a safety constraint to ensure the drone does not get too close to the object:
   \[
   \beta \cdot d_{\text{obstacle}} + \gamma \cdot d_{\text{away}} \leq 1
   \]

### Example Reward Function

Let's assume some values for \(\alpha\), \(\beta\), and \(\gamma\):

- \(\alpha = 10\): Higher weight on moving towards the target.
- \(\beta = 100\): Higher weight on avoiding the object.
- \(\gamma = 1\): Equal weight on moving away from the target.

And let's set \( d_{\text{safe}} = 1.5 \).

The final reward function becomes:
\[
R = 10 \cdot d_{\text{target}} - 100 \cdot d_{\text{obstacle}} - 1 \cdot d_{\text{away}} + \delta
\]
where \(\delta\) is a small constant (e.g., 0.1) to prevent division by zero in the safety constraint.

### Safety Constraint Implementation

Ensure the safety constraint holds:
\[
100 \cdot d_{\text{obstacle}} + d_{\text{away}} \leq 1.1
\]

### Summary

Your reward function now looks like:
\[
R = 10 \cdot d_{\text{target}} - 100 \cdot d_{\text{obstacle}} - d_{\text{away}} + 0.1
\]

This function encourages the drone to move towards the object while avoiding it and penalizes moving away from the target. Adjust the weights \(\alpha\), \(\beta\), and \(\gamma\) based on your specific requirements and test different values to find the optimal configuration."
"Drone moves forward and there is one object in front of the drohen. What is your reward function? Should it be +1 for each step that the drone moves forward, or should it be -1 for each step that the drone moves backwards?

I am not sure how to design a reward function for this situation. The objective is for the drone to move forward, so should the reward increase when the drone moves forward, or decrease when it moves backward?
In designing a reward function for a drone moving forward while avoiding obstacles, you need to balance the goal of moving forward with the need to avoid collisions. Here are some key considerations:

### Reward Function Design

1. **Positive Reward for Moving Forward:**
   - If the drone successfully moves forward, you can assign a positive reward. This encourages the drone to keep moving forward.
   - For example, if the drone moves forward by 1 meter, you could give it a reward of +1.

2. **Negative Reward for Collisions:**
   - If the drone collides with an obstacle, you should assign a negative reward. This discourages the drone from moving towards obstacles.
   - For example, if the drone collides, you could assign a penalty of -10 or more to discourage such behavior.

3. **Penalty for Backward Movement:**
   - Assigning a penalty for backward movement is also a good idea, as it helps prevent the drone from reversing direction unnecessarily.
   - For example, if the drone moves backward by 1 meter, you could assign a penalty of -1.

### Example Reward Function

A simple reward function might look something like this:

\[ R = +1 \times (move\_forward) - 1 \times (collision) - 1 \times (move\_backward) \]

Where:
- \( move\_forward \) is a binary variable that equals 1 if the drone moves forward and 0 otherwise.
- \( collision \) is a binary variable that equals 1 if the drone collides with an obstacle and 0 otherwise.
- \( move\_backward \) is a binary variable that equals 1 if the drone moves backward and 0 otherwise.

### Implementation Details

- **Initial State:** Assume the drone starts at position 0.
- **Movement:** Each time the drone moves forward by 1 unit, \( move\_forward \) increases by 1.
- **Collision:** If the drone hits an obstacle, \( collision \) increases by 1.
- **Backward Movement:** If the drone moves backward by 1 unit, \( move\_backward \) increases by 1.

### Example Scenario

Let's say the drone moves forward 3 times, then collides once, and then moves backward 2 times:

- \( move\_forward = 3 \)
- \( collision = 1 \)
- \( move\_backward = 2 \)

The reward would be calculated as:

\[ R = +1 \times 3 - 1 \times 1 - 1 \times 2 = 3 - 1 - 2 = 0 \]

If the drone only moves forward without any collisions or backward movements:

\[ R = +1 \times 4 = 4 \]

### Conclusion

Assigning a positive reward for moving forward, a negative reward for collisions, and a penalty for backward movement creates a balanced reward function that encourages the drone to move forward while avoiding obstacles. This approach ensures the drone learns to navigate effectively without getting stuck in reverse or repeatedly colliding."
"Drone moves forward and there is one object in front of the drohen. What is your reward function? I am working on a project where a drone is trying to reach a goal while avoiding obstacles.
The drone can move in 4 directions (up, down, left, right) and has an initial position and target position.

My question is: what would be the reward function for this problem?

I have thought about these two options:

*

*Reward = -1 if the drone collides with an obstacle

*Reward = -1 if the drone is not at the target

Is there a better way to define the reward function? The reward function is a crucial component in reinforcement learning problems as it guides the agent towards the desired behavior. In your case, you want the drone to reach the target position while avoiding obstacles. Let's consider a more refined reward function that incorporates both aspects effectively.

### Reward Function Definition

Given the drone's initial position \( \mathbf{s}_0 \) and target position \( \mathbf{t} \), and considering the presence of obstacles, a suitable reward function could be defined as follows:

\[ R(\mathbf{s}, \mathbf{a}, \mathbf{s}') = -\text{collision_penalty} + \text{distance_penalty} + \text{reaching_target_penalty} \]

Where:
- **collision_penalty**: A large negative value (e.g., -1000) if the drone collides with an obstacle.
- **distance_penalty**: A small negative value (e.g., -0.1) for each step taken away from the target position.
- **reaching_target_penalty**: A large positive value (e.g., 1000) if the drone reaches the target position.

### Detailed Explanation

1. **Collision Penalty**:
   - This term ensures that the drone avoids collisions with obstacles. If the drone collides with an obstacle, the penalty is high, making such actions undesirable.
   - Example: \( \text{collision_penalty} = -1000 \) if a collision occurs.

2. **Distance Penalty**:
   - This term penalizes the drone for moving away from the target position. The penalty decreases as the drone gets closer to the target.
   - Example: \( \text{distance_penalty} = -0.1 \times \|\mathbf{s}' - \mathbf{t}\| \), where \( \|\cdot\| \) denotes the Euclidean distance between positions.

3. **Reaching Target Penalty**:
   - This term rewards the drone for reaching the target position, encouraging it to focus on reaching the goal.
   - Example: \( \text{reaching_target_penalty} = 1000 \) if the drone reaches the target position.

### Final Reward Function
Combining these components, the final reward function can be written as:

\[ R(\mathbf{s}, \mathbf{a}, \mathbf{s}') = -1000 \times (\text{collision}) - 0.1 \times \|\mathbf{s}' - \mathbf{t}\| + 1000 \times (\text{reaching\_target}) \]

### Considerations
- **Dynamic Environment**: If the environment changes dynamically (e.g., new obstacles appear or disappear), the reward function might need adjustments.
- **State Space**: Ensure that the state space includes all necessary information (e.g., drone position, obstacle positions).
- **Discount Factor**: Depending on the discount factor \( \gamma \) used in the discounted reward calculation, the balance between short-term and long-term goals can be adjusted.

This reward function encourages the drone to avoid obstacles and reach the target efficiently. You can further tune the parameters (e.g., collision penalty, distance penalty) based on the specific dynamics of your environment and the performance of the drone."
"Drone moves forward and there is one object in front of the drohen. What is your reward function? In this problem, I have a drone that can move forward. There is an object in front of the drone. The goal is to make the drone reach the end without hitting the object. 
What would be a good reward function for this scenario?
The objective of the reward function should be to encourage the drone to move forward towards the end while avoiding collisions with the object. Here are some key considerations for designing a suitable reward function:

### 1. **Reward for Moving Forward:**
   - **Velocity-based Reward:** A simple reward could be based on the velocity of the drone. You could give a positive reward for increasing velocity (e.g., +0.5 reward for each unit increase in velocity) as long as it does not exceed a safe threshold.
     \[
     r_{\text{forward}} = v_{\text{current}} - v_{\text{min}}
     \]
     where \(v_{\text{min}}\) is the minimum safe velocity.

### 2. **Penalty for Collisions:**
   - **Collision Penalty:** Assign a high negative reward for any collision with the object. For example, you could assign a penalty of -100 for each collision.
     \[
     r_{\text{collision}} = -100
     \]

### 3. **Reward for Reaching the End:**
   - **End Goal Reward:** Give a significant positive reward when the drone reaches the end of the environment.
     \[
     r_{\text{end}} = 1000
     \]

### 4. **Avoidance of Object:**
   - **Avoidance Reward:** You could also consider a reward for moving away from the object. This can be achieved by penalizing proximity to the object.
     \[
     r_{\text{avoid}} = -\frac{d^2}{d_{\text{max}}^2}
     \]
     where \(d\) is the distance between the drone and the object, and \(d_{\text{max}}\) is the maximum safe distance.

### 5. **Combining Rewards:**
   - **Sum of Rewards:** Combine these rewards into a single function to ensure all aspects are considered.
     \[
     r(t) = r_{\text{forward}} + r_{\text{avoid}} + r_{\text{end}} + r_{\text{collision}}
     \]

### Example Reward Function:
Here's a more concrete example combining all the elements described above:
\[
r(t) = v_{\text{current}} - v_{\text{min}} - \frac{(x_{\text{obj}} - x_{\text{drone}})^2 + (y_{\text{obj}} - y_{\text{drone}})^2}{d_{\text{max}}^2} - 100 \times \mathbb{I}_{\{\text{collided}\}} + \mathbb{I}_{\{\text{reached\_end}\}}
\]

- **\(v_{\text{current}} - v_{\text{min}}\):** Encourages the drone to maintain or increase its velocity.
- **\(-\frac{(x_{\text{obj}} - x_{\text{drone}})^2 + (y_{\text{obj}} - y_{\text{drone}})^2}{d_{\text{max}}^2}\):** Penalizes proximity to the object, encouraging avoidance.
- **\(-100 \times \mathbb{I}_{\{\text{collided}\}}\):** Strong penalty for any collision.
- **\(\mathbb{I}_{\{\text{reached\_end}\}}\):** Positive reward for reaching the end.

### Final Reward Function:
\[
r(t) = v_{\text{current}} - v_{\text{min}} - \frac{(x_{\text{obj}} - x_{\text{drone}})^2 + (y_{\text{obj}} - y_{\text{drone}})^2}{d_{\text{max}}^2} - 100 \times \mathbb{I}_{\{\text{collided}\}} + \mathbb{I}_{\{\text{reached\_end}\}}
\]

This reward function encourages the drone to move forward, avoid obstacles, and reach the end safely. Adjust the parameters (e.g., \(d_{\text{max}}\), \(v_{\text{min}}\)) to balance these factors according to your specific requirements and the dynamics of your environment."
"Drone moves forward and there is one object in front of the drohen. What is your reward function? I have a drone that is moving around, and there is an object in front of it. 
The drone should move so that the distance between itself and the object is as small as possible. The object can be stationary or moving.
What would be my reward function for this problem?
I thought about something like:
Reward = -1 * distance between drone and object
But I am not sure if this is correct.
Edit: I forgot to mention that the drone can move in all directions. I am using DDPG algorithm.
The reward function you've suggested, `Reward = -1 * distance between drone and object`, is a good starting point, but it has a few limitations. Let's break down why and how you might improve it.

### Issues with the Current Reward Function

1. **Linear Scaling**: The reward decreases linearly with distance. This means that the drone will need to get very close to the object to receive any positive reward, which might not be desirable if you want the drone to approach the object gradually.
   
2. **No Directional Guidance**: The current reward does not provide any information about the direction in which the drone should move. It only cares about the distance.

3. **Infinite Distance**: If the object is infinitely far away, the drone will never reach a positive reward, which might cause instability.

### Improved Reward Function

To address these issues, consider incorporating both distance and direction into your reward function. Here’s a more comprehensive reward function:

\[ \text{Reward} = -\alpha \cdot \text{distance} + \beta \cdot \text{cosine\_angle} \]

Where:
- \(\alpha\) is a hyperparameter controlling the importance of the distance term.
- \(\beta\) is another hyperparameter controlling the importance of the direction term.
- \(\text{distance}\) is the Euclidean distance between the drone and the object.
- \(\text{cosine\_angle}\) is the cosine of the angle between the drone's heading and the vector pointing from the drone to the object.

### Detailed Steps

1. **Distance Term**:
   \[ \text{distance} = \| \mathbf{d} - \mathbf{o} \| \]
   where \(\mathbf{d}\) is the position vector of the drone and \(\mathbf{o}\) is the position vector of the object.

2. **Direction Term**:
   \[ \text{cosine\_angle} = \frac{\mathbf{d} \cdot (\mathbf{o} - \mathbf{d})}{\| \mathbf{d} \| \cdot \| \mathbf{o} - \mathbf{d} \|} \]

3. **Rewriting the Reward**:
   \[ \text{Reward} = -\alpha \cdot \| \mathbf{d} - \mathbf{o} \| + \beta \cdot \frac{\mathbf{d} \cdot (\mathbf{o} - \mathbf{d})}{\| \mathbf{d} \| \cdot \| \mathbf{o} - \mathbf{d} \|} \]

### Example Values for Hyperparameters
- \(\alpha\) could be set to a higher value (e.g., 100) to prioritize getting closer to the object.
- \(\beta\) could be set to a lower value (e.g., 0.1) to give more weight to the direction term.

### Final Reward Function
\[ \text{Reward} = -100 \cdot \| \mathbf{d} - \mathbf{o} \| + 0.1 \cdot \frac{\mathbf{d} \cdot (\mathbf{o} - \mathbf{d})}{\| \mathbf{d} \| \cdot \| \mathbf{o} - \mathbf{d} \|} \]

### Implementation in DDPG
When implementing this in a DDPG framework, you need to ensure that the reward is appropriately scaled and used to update the actor network. You can use a wrapper class or directly modify the reward calculation within your policy network.

### Conclusion
This reward function encourages the drone to get closer to the object while also guiding it to move in the correct direction. By adjusting the hyperparameters, you can fine-tune the balance between proximity and direction. This setup should help stabilize the learning process and guide the drone towards the object efficiently."
"Drone moves forward and there is one object in front of the drohen. What is your reward function? I am designing a reinforcement learning algorithm to control a drone to move forward without crashing into obstacles. 
The environment consists of the drone and an object in front of the drone. The drone can move in 4 directions (up, down, left, right) and the reward function is defined as follows: 
- +100 if the drone successfully moves forward by one step without crashing
- -50 if the drone crashes into the obstacle
- 0 otherwise (i.e. if the drone doesn't move forward or it moves but it crashes)
What do you think about this reward function? Is it appropriate? Are there any improvements that could be made?
Your proposed reward function for controlling a drone to move forward while avoiding obstacles is quite reasonable and captures the essential aspects of the task. However, there are a few considerations and potential improvements that might make it even more effective:

### Considerations:
1. **Reward for Successful Movement**:
   - Moving forward without crashing is indeed a crucial goal, so a high positive reward (+100) is appropriate.
   
2. **Penalty for Crashing**:
   - A negative reward (-50) for crashing is also sensible, as it discourages the agent from taking actions that would lead to collisions.

3. **Neutral Rewards**:
   - The neutral reward (0) when the drone does not move forward or crashes is necessary to provide a baseline value when the drone is in a state where no action is taken or the previous action was unsuccessful.

### Potential Improvements:
1. **Dynamic Reward Scaling**:
   - Instead of a fixed penalty for crashing, consider scaling the penalty based on how close the drone was to the obstacle. For example, if the drone was just inches away before crashing, the penalty could be higher than if it had only been a meter away. This would encourage the agent to avoid imminent collisions rather than just general avoidance.
   
2. **Movement Reward Modulation**:
   - Introduce a movement reward that decreases over time. This could incentivize the drone to keep moving forward continuously rather than stopping after one successful step. For instance, a small positive reward could be given for each subsequent step, reducing the reward as the drone moves further ahead.
   
3. **Obstacle Avoidance Reward**:
   - Consider adding a separate reward for successfully navigating around obstacles. This could motivate the drone to take more cautious paths and reduce the likelihood of collisions.
   
4. **Smoothness Reward**:
   - Incorporate a smoothness reward that penalizes sudden movements or erratic behavior. This could help the drone maintain stability and avoid jerky movements that might increase the risk of collisions.
   
5. **Exploration vs. Exploitation**:
   - If the drone needs to explore its environment, include a small exploration reward for taking non-optimal actions that lead to new experiences. This can help the drone learn about the environment more thoroughly.

### Example Improved Reward Function:
Here’s a refined version incorporating some of these ideas:

- **+100** if the drone successfully moves forward by one step without crashing.
- **-50** if the drone crashes into the obstacle.
- **+5** if the drone successfully avoids the obstacle.
- **-0.1** for each step the drone takes, to encourage continuous movement.
- **-0.05** for each time the drone takes a sudden or jerky turn.
- **+0.1** for each time the drone explores a new area (e.g., taking a path it hasn’t taken before).

### Final Thoughts:
Your original reward function is already strong, but incorporating some of these improvements can help the drone learn more effectively and efficiently. The key is to balance the rewards such that the drone learns to prioritize the most important goals (moving forward safely) while still exploring the environment and maintaining stability.

By carefully tuning these elements, you can create a more robust and effective reinforcement learning setup for your drone navigation task."
"Drone moves forward and there is one object in front of the drohen. What is your reward function? Let's say that the drone can move in a 2D plane, with x and y coordinates. It starts at position (0,0) and has to reach the target position (10,10). There is an obstacle at (5,5). The drone can move up, down, left or right by 1 unit per time step.
What would be the reward function for this scenario?
My initial idea was:
$R = -10 + \frac{1}{10}||x_{t+1}-10||^2 + \frac{1}{10}||y_{t+1}-10||^2 + \frac{1}{10}||x_{t+1}-5||^2 + \frac{1}{10}||y_{t+1}-5||^2$
Where $R$ is the reward, $x_{t+1}$ and $y_{t+1}$ are the drone's new position after taking an action at time step t. 
I think that I want to penalize it when it gets closer to the obstacle, but give it a positive reward when it gets closer to the target. But I am not sure if my formulation is correct.
Your proposed reward function aims to balance the drone's movement towards the target while avoiding the obstacle. However, there are some issues and improvements that can be made to ensure the reward function is clear, consistent, and effective.

### Issues with Your Current Reward Function
1. **Normalization**: The rewards are normalized by a factor of 10, which means that the drone will receive a very small positive reward even if it is only slightly closer to the target. This might make the learning process too slow.
2. **Penalty for the Obstacle**: The penalty for being near the obstacle is also normalized by 10, which could make the penalty too mild.
3. **Rewards Structure**: The rewards structure seems somewhat arbitrary. The drone receives a positive reward for moving towards the target and a negative reward for moving towards the obstacle. This needs to be balanced properly.

### Improved Reward Function
A better approach would be to have a more balanced reward system where the drone is encouraged to move towards the target and penalized for moving towards the obstacle. Here’s a revised reward function:

\[ R_t = -\gamma ||(x_{t+1}, y_{t+1}) - (10, 10)||^2 + \lambda ||(x_{t+1}, y_{t+1}) - (5, 5)||^2 \]

Where:
- \( \gamma \) is a large positive constant that represents the importance of reaching the target.
- \( \lambda \) is a smaller positive constant that represents the importance of avoiding the obstacle.
- \( (x_{t+1}, y_{t+1}) \) is the new position of the drone after taking an action at time step \( t \).

### Explanation
- **Positive Reward (\(-\gamma ||(x_{t+1}, y_{t+1}) - (10, 10)||^2\))**: This term encourages the drone to move towards the target. The larger \( \gamma \), the stronger the incentive to reach the target.
- **Negative Reward (\(\lambda ||(x_{t+1}, y_{t+1}) - (5, 5)||^2\))**: This term discourages the drone from moving towards the obstacle. The larger \( \lambda \), the stronger the penalty for being close to the obstacle.

### Tuning Parameters
You need to tune the values of \( \gamma \) and \( \lambda \) based on the specific dynamics of your environment and the performance of your agent. You might start with reasonable values and adjust them iteratively.

### Example Values
- \( \gamma = 100 \)
- \( \lambda = 50 \)

This means that the drone will get a reward of 100 points for moving closer to the target and a penalty of 50 points for moving closer to the obstacle.

### Final Reward Function
\[ R_t = -100 ||(x_{t+1}, y_{t+1}) - (10, 10)||^2 + 50 ||(x_{t+1}, y_{t+1}) - (5, 5)||^2 \]

### Conclusion
This reward function should guide the drone to move towards the target while avoiding the obstacle. Adjust the parameters as needed to optimize the learning process."
"Drone moves forward and there is three objects in front of the drohen lined up. What is your reward function? The reward function for a drone navigating through an environment with obstacles can be designed to encourage the drone to move towards its goal while avoiding collisions. Here’s a possible reward function:

### Reward Function:
\[ R = r_{goal} + r_{avoidance} - r_{collision} \]

Where:
- \( r_{goal} \) is the reward for moving closer to the goal.
- \( r_{avoidance} \) is the reward for moving away from obstacles.
- \( r_{collision} \) is the penalty for colliding with an obstacle.

### Detailed Components:

1. **\( r_{goal} \):**
   - This reward encourages the drone to move towards the goal position.
   - You can define it as a linear function of the distance between the drone and the goal position.
   - For example:
     \[ r_{goal} = -\alpha \| \mathbf{p}_{goal} - \mathbf{p}_d \| \]
     where:
     - \( \mathbf{p}_{goal} \) is the goal position vector.
     - \( \mathbf{p}_d \) is the drone's current position vector.
     - \( \alpha > 0 \) is a positive constant that balances the importance of reaching the goal.
     - \( \| \cdot \| \) denotes the Euclidean norm (distance).

2. **\( r_{avoidance} \):**
   - This reward encourages the drone to move away from obstacles.
   - You can define it as a negative exponential function of the distance to the nearest obstacle.
   - For example:
     \[ r_{avoidance} = -\beta \exp(-\gamma \| \mathbf{p}_{obstacle} - \mathbf{p}_d \|) \]
     where:
     - \( \mathbf{p}_{obstacle} \) is the position vector of the nearest obstacle.
     - \( \gamma > 0 \) is a constant that balances the importance of avoiding obstacles.
     - \( \beta > 0 \) is another constant that controls the magnitude of the reward.

3. **\( r_{collision} \):**
   - This reward penalizes any collision with an obstacle.
   - You can define it as a large negative value, e.g., \( -\infty \).
   - For example:
     \[ r_{collision} = -\infty \]

### Example Formulation:
Let's assume the drone has a goal at position \( \mathbf{p}_{goal} = [0, 0] \) and three obstacles at positions \( \mathbf{p}_{obstacle1} = [1, 0] \), \( \mathbf{p}_{obstacle2} = [-1, 0] \), and \( \mathbf{p}_{obstacle3} = [0, 1] \). Suppose the drone starts at position \( \mathbf{p}_d = [2, 0] \).

#### Reward Calculation:
1. **Goal Reward:**
   \[
   r_{goal} = -\alpha \| [0, 0] - [2, 0] \| = -\alpha \sqrt{(2-0)^2 + (0-0)^2} = -2\alpha
   \]

2. **Avoidance Rewards:**
   - Distance to nearest obstacle (obstacle1):
     \[
     r_{avoidance1} = -\beta \exp(-\gamma \| [1, 0] - [2, 0] \|) = -\beta \exp(-\gamma \sqrt{(2-1)^2}) = -\beta \exp(-\gamma)
     \]
   - Distance to second nearest obstacle (obstacle2):
     \[
     r_{avoidance2} = -\beta \exp(-\gamma \| [-1, 0] - [2, 0] \|) = -\beta \exp(-\gamma \sqrt{(2+1)^2}) = -\beta \exp(-3\gamma)
     \]
   - Distance to third nearest obstacle (obstacle3):
     \[
     r_{avoidance3} = -\beta \exp(-\gamma \| [0, 1] - [2, 0] \|) = -\beta \exp(-\gamma \sqrt{(2-0)^2 + (0-1)^2}) = -\beta \exp(-\sqrt{5}\gamma)
     \]

3. **Collision Reward:**
   \[
   r_{collision} = -\infty
   \]

### Total Reward:
\[
R = -2\alpha - \beta \exp(-\gamma) - \beta \exp(-3\gamma) - \beta \exp(-\sqrt{5}\gamma) + \text{constant}
\]

### Final Reward Function:
\[
R = -2\alpha - \sum_{i=1}^3 \beta \exp(-\gamma_i \gamma) + \text{constant}
\]

Where \( \gamma_i \) are constants that balance the importance of each obstacle.

This formulation ensures that the drone moves towards the goal while avoiding obstacles and penalizing collisions. Adjust the constants \( \alpha \), \( \beta \), and \( \gamma \) to balance these different components according to your specific needs."
"Drone moves forward and there is three objects in front of the drohen lined up. What is your reward function? I'm trying to build a reinforcement learning model for a drone moving through a room with obstacles. The drone can move forward or backward, but not sideways. The room has two walls on the sides, one wall in front, and one wall behind. There are also three objects (e.g. chairs) in front of the drone, which are lined up in a straight line. 
I am wondering what my reward function should be. Should it just be a simple reward if the drone reaches the end of the room, or is there something else I need to consider? In reinforcement learning, the reward function is crucial for guiding the agent towards the desired behavior. For your drone navigating through the room with obstacles, you need to design a reward function that encourages the drone to reach the end of the room while avoiding the obstacles. Here’s a possible reward function you could use:

### Reward Function

1. **Positive Rewards:**
   - **Reach End of Room:** A large positive reward (e.g., +100) when the drone reaches the end of the room.
   - **Avoid Obstacles:** A small positive reward (e.g., +0.1) each time the drone successfully avoids an obstacle.

2. **Negative Rewards:**
   - **Hit Obstacle:** A large negative reward (e.g., -100) when the drone hits any object or wall.
   - **Move Backward:** A small negative reward (e.g., -0.1) each time the drone moves backward (i.e., away from the goal).

### Example Reward Function

Let's define the state space as:
- `s = (x, y, z, direction)`, where:
  - `x` and `y` are the coordinates in the room.
  - `z` is the distance to the end of the room (0 at the start, 1 at the end).
  - `direction` is the current movement direction (`0` for forward, `1` for backward).

The reward function can be defined as:
\[ R(s, a) = r_{reach} \cdot \mathbb{I}(z = 1) + r_{avoid} \cdot \sum_{i=1}^{n} \mathbb{I}(d_i > 0) - r_{hit} \cdot \mathbb{I}(h > 0) - r_{move_back} \cdot \mathbb{I}(a = 1) \]

Where:
- \( r_{reach} \) is the reward for reaching the end of the room.
- \( r_{avoid} \) is the reward for avoiding obstacles.
- \( r_{hit} \) is the penalty for hitting an obstacle.
- \( r_{move_back} \) is the penalty for moving backward.
- \( d_i \) is the distance to the \( i \)-th obstacle.
- \( h \) is the number of obstacles hit.
- \( a \) is the action taken (0 for forward, 1 for backward).

### Detailed Breakdown

1. **Reach End of Room:**
   - When the drone reaches the end of the room (\( z = 1 \)), give a large reward (\(+100\)).

2. **Avoid Obstacles:**
   - Each time the drone avoids an obstacle, give a small reward (\(+0.1\)).

3. **Hit Obstacle:**
   - Each time the drone hits an obstacle, give a large penalty (\(-100\)).

4. **Move Backward:**
   - Each time the drone moves backward, give a small penalty (\(-0.1\)).

5. **Distance to Obstacles:**
   - Track the distances to all obstacles and penalize moving backward more heavily if there are obstacles nearby.

### Example Transition Dynamics

If the drone is at position `(x, y, z, direction)` and takes action `a`:
- If `a = 0` (forward):
  - Move forward if within bounds and no obstacles.
  - Penalize if hits an obstacle or moves backward.
- If `a = 1` (backward):
  - Move backward if within bounds and no obstacles.
  - Penalize if hits an obstacle or moves forward.

### Example State Space Transition

- Initial state: `(x, y, 0, 0)`
- After moving forward: `(x', y', 0.1, 0)` (if successful)
- After hitting an obstacle: `(x, y, 0, 0)` (or some state indicating hit)

### Conclusion

This reward function balances exploration and exploitation by rewarding reaching the goal, avoiding obstacles, and penalizing collisions and backward movements. You can adjust the rewards based on the specific dynamics of your environment and the performance of your drone."
"Drone moves forward and there is three objects in front of the drohen lined up. What is your reward function? I have a drone that can move around an environment, and it has a reward function to maximize. There are 3 objects (red, blue, green) in the environment, and the drone has to move from the start to the end. The drone receives a reward every time it moves, but there is also a penalty if it touches one of the objects.
So far I have something like this:
reward = -0.1 * distance_to_goal + 1 * distance_to_objects
Is this correct?
The problem with this is that it will encourage the drone to go closer to the objects rather than moving towards the goal. To create a more effective reward function for your drone navigation task, you need to balance the desire to move towards the goal while avoiding the objects. Here’s a refined approach:

### Reward Function

1. **Move Towards Goal**: Reward the drone for moving closer to the goal.
2. **Avoid Objects**: Penalize the drone for touching any of the objects.

A possible reward function could be:

\[ \text{reward} = r_{\text{move}} + r_{\text{avoid}} \]

Where:
- \( r_{\text{move}} \) is the reward for moving closer to the goal.
- \( r_{\text{avoid}} \) is the penalty for touching any object.

### Rewards Details

#### Move Towards Goal
You can use a simple linear function to penalize the drone for being away from the goal:

\[ r_{\text{move}} = -d_{\text{goal}} \]
where \( d_{\text{goal}} \) is the Euclidean distance between the drone's current position and the goal position.

#### Avoid Objects
For each object, you can use a similar linear function to penalize the drone for being too close:

\[ r_{\text{avoid, obj}} = -d_{\text{obj}} \]
where \( d_{\text{obj}} \) is the Euclidean distance between the drone's current position and the object's position.

### Combining Rewards
Combine these rewards to get the overall reward:

\[ \text{reward} = -d_{\text{goal}} + \sum_{i=1}^{3} (-d_{\text{obj}_i}) \]

### Example Reward Function

Let's assume the goal is at position \((x_g, y_g)\), and the objects are at positions \((x_r, y_r)\), \((x_b, y_b)\), and \((x_g, y_g)\) (for simplicity).

\[ \text{reward} = -\sqrt{(x_d - x_g)^2 + (y_d - y_g)^2} - \left( |x_d - x_r| + |y_d - y_r| + |x_d - x_b| + |y_d - y_b| \right) \]

### Final Reward Function

\[ \text{reward} = -\text{distance\_to\_goal} - (\text{distance\_to\_object\_r} + \text{distance\_to\_object\_b} + \text{distance\_to\_object\_g}) \]

### Summary
- **Move Towards Goal**: Penalize the drone for being away from the goal.
- **Avoid Objects**: Penalize the drone for touching any object.

This formulation ensures that the drone will try to move towards the goal while avoiding the objects. Adjust the constants (e.g., coefficients for distance penalties) to balance the trade-off between moving towards the goal and avoiding obstacles. 

Feel free to tweak the parameters based on the specific requirements and dynamics of your environment!"
"Drone moves forward and there is three objects in front of the drohen lined up. What is your reward function? I am designing a reinforcement learning environment for a drone to navigate through an obstacle course, and I need help with my reward function.
I have a drone that can move forward one step at a time. There are three obstacles (A, B, C) in front of it, each with a certain reward. The drone should try to avoid these obstacles and get to the end goal. 
Here's what I've thought about:
1. Reward = 0 if the drone hits any of the obstacles
2. Reward = -100 if the drone doesn't hit any of the obstacles but reaches the end goal
3. Reward = -50 if the drone doesn't hit any of the obstacles but doesn't reach the end goal
4. Reward = -25 if the drone doesn't hit any of the obstacles but goes past the end goal
What do you think? Is this a good way to design the reward function?
Your proposed reward function is a reasonable starting point, but it can be refined to better capture the dynamics of the task and encourage the drone to navigate the course efficiently. Here’s a revised version of your reward function:

### Revised Reward Function

1. **Reward for Avoiding Obstacles:**
   - Reward = +50 if the drone avoids all obstacles.
   - Reward = +10 if the drone avoids at least one obstacle.

2. **Reward for Reaching the End Goal:**
   - Reward = +100 if the drone reaches the end goal without hitting any obstacles.

3. **Penalty for Not Reaching the End Goal:**
   - Reward = -100 if the drone reaches the end goal but hits any obstacles.
   - Reward = -50 if the drone does not reach the end goal.

4. **Penalty for Going Past the End Goal:**
   - Reward = -100 if the drone goes past the end goal.

### Example Scenario Breakdown

- **Scenario 1: Drone avoids all obstacles and reaches the end goal.**
  - Reward = +100 (for reaching the end goal)
  - Reward = +50 (for avoiding all obstacles)
  - Total Reward = +150

- **Scenario 2: Drone avoids all obstacles but does not reach the end goal.**
  - Reward = +50 (for avoiding all obstacles)
  - Reward = -50 (for not reaching the end goal)
  - Total Reward = 0

- **Scenario 3: Drone avoids at least one obstacle but does not reach the end goal.**
  - Reward = +10 (for avoiding at least one obstacle)
  - Reward = -50 (for not reaching the end goal)
  - Total Reward = -40

- **Scenario 4: Drone hits an obstacle but reaches the end goal.**
  - Reward = +100 (for reaching the end goal)
  - Reward = -100 (for hitting an obstacle)
  - Total Reward = 0

- **Scenario 5: Drone goes past the end goal.**
  - Reward = -100 (for going past the end goal)

### Explanation

- **Avoiding Obstacles:** Encourages the drone to navigate around obstacles to avoid penalties.
- **Reaching the End Goal:** Provides strong positive reinforcement for successfully completing the task.
- **Penalties:** Strong negative rewards discourage hitting obstacles and going past the goal.
- **Intermediate Rewards:** Small rewards for partial success (e.g., avoiding obstacles) provide feedback on the drone’s performance.

This reward function balances exploration (avoiding obstacles) and exploitation (reaching the end goal) while penalizing failure effectively. You can further adjust the values based on your specific needs and the complexity of the task. 

Feel free to tweak the values to better fit your learning algorithm and the dynamics of the environment!"
"Drone moves forward and there is three objects in front of the drohen lined up. What is your reward function? I have a drone that has to move forward and there are three objects in front of it, all in a row. 
The drone can only see the object in front of it (no depth information).
What would be an appropriate reward function for this problem?
I was thinking about something like:
$$
R = \begin{cases} 1 &\text{if object is in front of drone and not hit} \\ -1 &\text{if object is in front of drone and hit}\\ 0 &\text{otherwise}\end{cases}
$$
Is this a good way to do this or should I use some kind of distance based function? The reward function you've proposed is a good starting point, but it might need some refinement to better capture the dynamics of the environment and the objectives. Here's a more detailed and refined approach:

### Reward Function

Given the constraints and objectives, a more comprehensive reward function could include both immediate and long-term rewards. Here’s a possible formulation:

1. **Immediate Rewards:**
   - **Avoidance Reward:** Penalize the drone when it is close to an obstacle.
   - **Progress Reward:** Reward the drone for moving forward.

2. **Long-Term Rewards:**
   - **Completion Reward:** Reward the drone when it successfully avoids all obstacles and reaches the end.

### Detailed Formulation

Let \( t \) represent time steps, \( x \) represent the position of the drone, and \( y_i \) represent the positions of the obstacles.

#### Immediate Rewards
- **Avoidance Reward:** Penalize the drone if it is within a certain distance (\( d_{\text{min}} \)) from an obstacle.
  \[
  R_{\text{avoidance}} = -\max\left(0, \frac{d(x, y_i)}{d_{\text{min}}}\right)
  \]
  where \( d(x, y_i) \) is the Euclidean distance between the drone and the obstacle.

- **Progress Reward:** Reward the drone for moving forward.
  \[
  R_{\text{progress}} = \alpha \cdot \text{sign}(x_{t+1} - x_t)
  \]
  where \( \alpha \) is a positive constant that balances the importance of progress, and \( \text{sign}(x_{t+1} - x_t) \) indicates whether the drone moved forward (\(+1\)) or backward (\(-1\)).

#### Long-Term Rewards
- **Completion Reward:** Reward the drone when it successfully avoids all obstacles.
  \[
  R_{\text{completion}} = \beta \cdot \mathbb{I}[\text{all obstacles avoided}]
  \]
  where \( \beta \) is a positive constant, and \( \mathbb{I}[\text{all obstacles avoided}] \) is an indicator function that is 1 if all obstacles have been avoided and 0 otherwise.

### Example Combined Reward Function
Combining these elements, the total reward function can be written as:
\[
R(t) = R_{\text{avoidance}} + R_{\text{progress}} + R_{\text{completion}}
\]

### Final Formulation
\[
R(t) = -\max\left(0, \frac{d(x_{t+1}, y_1)}{d_{\text{min}}}\right) - \max\left(0, \frac{d(x_{t+1}, y_2)}{d_{\text{min}}}\right) - \max\left(0, \frac{d(x_{t+1}, y_3)}{d_{\text{min}}}\right) + \alpha \cdot \text{sign}(x_{t+1} - x_t) + \beta \cdot \mathbb{I}[\text{all obstacles avoided}]
\]

### Tuning Parameters
- **\( d_{\text{min}} \)**: Distance threshold at which the avoidance reward kicks in.
- **\( \alpha \)**: Importance of progress.
- **\( \beta \)**: Importance of completing the task.

By tuning these parameters, you can balance the trade-offs between avoiding obstacles, making progress, and completing the task efficiently.

This reward function should provide a more robust and effective guidance for the drone to navigate around the obstacles and reach its goal."
"Drone moves forward and there is three objects in front of the drohen lined up. What is your reward function? To define a reward function for a drone moving in a 2D environment with obstacles, we need to consider several factors that would guide the drone's behavior towards its goal while avoiding collisions. Let's break down the problem and define the reward function step-by-step.

### Problem Description
- **Environment**: A 2D grid where the drone can move.
- **Objects**: Three objects (let's call them `A`, `B`, and `C`) are placed in a straight line in front of the drone.
- **Goal**: The drone should navigate around these objects to reach a target location (let's assume the target is at the far end of the grid).

### Key Components of the Reward Function
1. **Avoiding Obstacles**: The drone should avoid colliding with the objects.
2. **Approaching the Target**: The drone should move closer to the target.
3. **Movement Efficiency**: The drone should move efficiently without unnecessary detours.

### Reward Definitions

#### Avoiding Obstacles
- **Penalty for Collision**: If the drone collides with any object (`A`, `B`, or `C`), it should receive a high negative reward (e.g., `-100`).
- **Penalty for Close Proximity**: If the drone gets too close to an object (e.g., within a certain distance threshold), it should receive a moderate negative reward (e.g., `-5`).

#### Approaching the Target
- **Reward for Moving Towards Target**: For each unit of distance moved closer to the target, the drone should receive a small positive reward (e.g., `+0.1`).

#### Movement Efficiency
- **Penalty for Unnecessary Detours**: If the drone takes a detour unnecessarily (e.g., moving away from the target to avoid an obstacle and then backtracking), it should receive a penalty (e.g., `-0.5`).

### Reward Function
Let's define the reward function based on the above considerations:

\[
R = r_{\text{avoid}} + r_{\text{approach}} + r_{\text{efficiency}}
\]

Where:
- \( r_{\text{avoid}} \) is the avoidance reward.
- \( r_{\text{approach}} \) is the approach reward.
- \( r_{\text{efficiency}} \) is the efficiency reward.

#### Avoidance Reward (\( r_{\text{avoid}} \))
- \( r_{\text{avoid}} = -100 \) if the drone collides with any object.
- \( r_{\text{avoid}} = -5 \) if the drone gets within a certain distance threshold (e.g., 1 unit) from any object.

#### Approach Reward (\( r_{\text{approach}} \))
- \( r_{\text{approach}} = +0.1 \) for each unit of distance moved closer to the target.

#### Efficiency Reward (\( r_{\text{efficiency}} \))
- \( r_{\text{efficiency}} = -0.5 \) if the drone takes an unnecessary detour.

### Example Reward Calculation
Assume the drone starts at position `(0, 0)` and the objects are at positions `(1, 0)`, `(2, 0)`, and `(3, 0)`. The target is at `(4, 0)`.

1. **Initial Position**: Drone at `(0, 0)`.
   - \( r_{\text{avoid}} = 0 \) (no collision yet).
   - \( r_{\text{approach}} = 0 \) (not yet close to the target).
   - \( r_{\text{efficiency}} = 0 \) (no unnecessary detours yet).

2. **Move to `(1, 0)`**:
   - \( r_{\text{avoid}} = -5 \) (close proximity to object `A`).
   - \( r_{\text{approach}} = 0 \) (not yet close to the target).
   - \( r_{\text{efficiency}} = 0 \) (no unnecessary detours yet).

3. **Move to `(2, 0)`**:
   - \( r_{\text{avoid}} = -5 \) (close proximity to object `B`).
   - \( r_{\text{approach}} = 0 \) (not yet close to the target).
   - \( r_{\text{efficiency}} = 0 \) (no unnecessary detours yet).

4. **Move to `(3, 0)`**:
   - \( r_{\text{avoid}} = -5 \) (close proximity to object `C`).
   - \( r_{\text{approach}} = 0 \) (not yet close to the target).
   - \( r_{\text{efficiency}} = 0 \) (no unnecessary detours yet).

5. **Move to `(4, 0)`**:
   - \( r_{\text{avoid}} = 0 \) (no collision).
   - \( r_{\text{approach}} = +0.1 \) (moving closer to the target).
   - \( r_{\text{efficiency}} = 0 \) (no unnecessary detours yet).

### Final Reward Calculation
\[
R = r_{\text{avoid}} + r_{\text{approach}} + r_{\text{efficiency}} = (-5) + 0 + 0 = -5
\]

This is just one possible example. The exact values of the rewards might vary depending on the specific implementation details and the distance thresholds used. 

### Summary
\[
R = r_{\text{avoid}} + r_{\text{approach}} + r_{\text{efficiency}}
\]
where:
- \( r_{\text{avoid}} \) penalizes collisions and close proximity to obstacles.
- \( r_{\text{approach}} \) encourages movement towards the target.
- \( r_{\text{efficiency}} \) penalizes unnecessary detours.

The final reward function should be implemented according to the specific constraints and requirements of the environment and task."
"Drone moves forward and there is three objects in front of the drohen lined up. What is your reward function? To design a reward function for a drone navigating through an environment with obstacles, we need to balance several objectives: reaching the goal, avoiding collisions, and moving efficiently. Here's a possible reward function that captures these aspects:

### Reward Function:

1. **Reaching the Goal:** The drone should move towards a target (goal) location. If the drone reaches or gets close to the goal, it receives a positive reward.
2. **Avoiding Obstacles:** The drone should avoid hitting any of the obstacles. If the drone collides with an obstacle, it receives a negative reward.
3. **Efficiency:** The drone should move in a way that minimizes the distance traveled while still achieving the goal. This can be represented by a penalty for excessive movement.

Let's denote:
- \( R_{goal} \): Reward for reaching the goal.
- \( R_{avoid} \): Reward for avoiding obstacles.
- \( R_{efficiency} \): Penalty for inefficient movement.

### Components of the Reward Function:

#### 1. Reward for Reaching the Goal (\(R_{goal}\)):
   - Define a threshold distance \(d_{goal}\) within which the drone is considered to have reached the goal.
   - If the drone is within this distance, give a high positive reward.
   - Otherwise, give a low positive reward proportional to how close the drone is to the goal.

\[ R_{goal} = 
\begin{cases} 
+10 & \text{if } d < d_{goal} \\
+5 \times (d_{goal} - d) & \text{if } d \geq d_{goal} \text{ and } d > 0 \\
0 & \text{otherwise}
\end{cases}
\]
where \(d\) is the Euclidean distance between the drone's current position and the goal.

#### 2. Reward for Avoiding Obstacles (\(R_{avoid}\)):
   - Define a threshold distance \(d_{obstacle}\) within which the drone is considered to be safe from collision.
   - If the drone is within this distance from any obstacle, give a negative reward.
   - Otherwise, give a small negative reward proportional to the distance from the obstacle.

\[ R_{avoid} = 
\begin{cases} 
-10 & \text{if } d_{obstacle} < d_{safe} \\
-1 \times (d_{safe} - d_{obstacle}) & \text{if } d_{obstacle} \geq d_{safe} \text{ and } d_{obstacle} > 0 \\
0 & \text{otherwise}
\end{cases}
\]
where \(d_{obstacle}\) is the minimum Euclidean distance between the drone and any obstacle, and \(d_{safe}\) is a safety margin around each obstacle.

#### 3. Penalty for Inefficient Movement (\(R_{efficiency}\)):
   - Penalize the drone for unnecessary movement beyond necessary.
   - Define a cost factor \(c\) that penalizes the drone for moving more than a certain distance without making progress towards the goal.

\[ R_{efficiency} = -c \times |d - d_{prev}| \]
where \(d\) is the current distance from the goal, and \(d_{prev}\) is the previous distance from the goal.

### Final Reward Function:
Combine all these components into a single reward function:

\[ R = R_{goal} + R_{avoid} + R_{efficiency} \]

### Example Calculation:
Assume the drone starts at position \((0,0)\), the goal is at \((10,0)\), there are two obstacles at positions \((4,0)\) and \((8,0)\), and the safety margin \(d_{safe} = 1\).

- Initially, \(d = 10\) (distance to goal).
- At some point, the drone moves closer to the goal, say to \((7,0)\), then \(d = 3\).
- The drone is near the obstacle at \((4,0)\), so \(d_{obstacle} = 1\).
- The drone avoids the obstacle by moving slightly away, say to \((6,0)\), then \(d = 4\).

The reward calculation would be:
\[ R_{goal} = 5 \times (10 - 4) = 30 \]
\[ R_{avoid} = -1 \times (1 - 1) = 0 \]
\[ R_{efficiency} = -c \times |4 - 3| = -c \]

So the total reward \(R\) is:
\[ R = 30 + 0 - c = 30 - c \]

This reward function encourages the drone to reach the goal efficiently while avoiding obstacles. Adjust the constants as needed based on the specific requirements and environment. 

### Summary:
\[ R = R_{goal} + R_{avoid} + R_{efficiency} \]"
"Drone moves forward and there is three objects in front of the drohen lined up. What is your reward function? Suppose you have a drone that can move in a 2D plane, and it has to navigate through an environment with three obstacles (objects) in front of it, which are fixed and not moving. The drone's goal is to reach a target at a specific position without colliding with any of the obstacles.

Given this setup, let's define the drone's movement as follows:
- The drone can move in four directions: up, down, left, or right.
- Each move the drone makes costs 1 unit of energy.
- If the drone collides with an obstacle, it incurs a penalty of -100 units of energy.

Define a reward function \( R \) for the drone that takes into account both the distance to the target and the avoidance of obstacles. Assume the target is located at \((x_t, y_t)\), and the obstacles are located at \((x_1, y_1)\), \((x_2, y_2)\), and \((x_3, y_3)\).

The reward function should be designed such that:
1. The drone receives a positive reward for moving closer to the target.
2. The drone receives a negative reward for colliding with an obstacle.
3. The drone receives a positive reward for moving towards the target without colliding with obstacles.

Formulate the reward function \( R \) based on these criteria.

To formulate the reward function \( R \) for the drone, we need to balance the drone's progress towards the target and its avoidance of obstacles. Here's a step-by-step approach to defining the reward function:

1. **Distance to Target**: The drone should receive a positive reward for moving closer to the target. A simple way to measure this is by calculating the Euclidean distance from the drone's current position to the target position.

2. **Avoidance of Obstacles**: The drone should receive a negative reward for colliding with any obstacle. A simple way to detect collision is if the drone's position overlaps with any of the obstacle positions.

3. **Movement towards the Target**: The drone should receive a positive reward for moving in a direction that is likely to bring it closer to the target without colliding with obstacles.

Let's denote the drone's current position by \((x_d, y_d)\). The target position is \((x_t, y_t)\), and the obstacle positions are \((x_1, y_1)\), \((x_2, y_2)\), and \((x_3, y_3)\).

### Step-by-Step Reward Function Definition

1. **Distance to Target**:
   \[
   d = \sqrt{(x_d - x_t)^2 + (y_d - y_t)^2}
   \]
   The reward for being closer to the target can be defined as:
   \[
   r_{\text{target}} = -d
   \]
   This ensures that the drone gets a positive reward for moving closer to the target.

2. **Avoidance of Obstacles**:
   To avoid obstacles, we can use a simple indicator function that gives a large negative reward if the drone collides with any obstacle:
   \[
   r_{\text{obstacle}} = -100 \cdot \sum_{i=1}^{3} \mathbb{I}(|x_d - x_i| < \epsilon \text{ or } |y_d - y_i| < \epsilon)
   \]
   where \(\epsilon\) is a small threshold value (e.g., 0.1) to account for potential floating-point precision issues. \(\mathbb{I}\) is the indicator function, which returns 1 if the condition inside is true and 0 otherwise.

3. **Movement towards the Target**:
   To encourage the drone to move in a direction that is likely to bring it closer to the target without colliding with obstacles, we can add a term that penalizes moves away from the target direction. However, since the drone always moves one step at a time, this term will not significantly affect the overall behavior. We can simplify this part by focusing on the primary goals.

Combining these components, the reward function \( R \) can be written as:
\[
R = r_{\text{target}} + r_{\text{obstacle}}
\]

Substituting the expressions for \( r_{\text{target}} \) and \( r_{\text{obstacle}} \):
\[
R = -\sqrt{(x_d - x_t)^2 + (y_d - y_t)^2} - 100 \cdot \sum_{i=1}^{3} \mathbb{I}(|x_d - x_i| < \epsilon \text{ or } |y_d - y_i| < \epsilon)
\]

Thus, the final reward function is:
\boxed{
R = -\sqrt{(x_d - x_t)^2 + (y_d - y_t)^2} - 100 \cdot \sum_{i=1}^{3} \mathbb{I}(|x_d - x_i| < \epsilon \text{ or } |y_d - y_i| < \epsilon)
}"
"Drone moves forward and there is three objects in front of the drohen lined up. What is your reward function? I'm trying to design a reward function for my drone that will move towards the closest object. 
My understanding is that my reward function should be something like this:
reward = -distance_to_closest_object + speed
but I'm not sure how to code this in terms of rewards and penalties. If I use a negative sign, does that mean that I want to maximize the distance between the drone and the closest object? And if I don't use a negative sign, does that mean I want to minimize the distance between the drone and the closest object?
The reward function you've proposed, \( R = -\text{distance\_to\_closest\_object} + \text{speed} \), is a common approach in reinforcement learning (RL) tasks where you want to encourage the agent to move towards a goal while also penalizing it for moving too fast. Let's break down the components:

1. **Distance to the Closest Object**: This term is negative because you want to minimize the distance to the closest object. The closer the drone is to the object, the higher the reward.
2. **Speed**: This term is positive because you want the drone to move at an appropriate speed. Faster speeds can lead to overshooting or losing control.

### Reward Function Breakdown

- **Reward for Being Closer**: The term \(-\text{distance\_to\_closest\_object}\) ensures that the drone receives more reward when it gets closer to the object. As the drone approaches the object, the distance decreases, making the reward more positive.
  
- **Penalty for Speed**: The term \(\text{speed}\) acts as a penalty for the drone moving too fast. Higher speeds result in a higher negative reward, encouraging the drone to maintain a steady pace.

### Implementation in RL Frameworks

In most reinforcement learning frameworks, you can implement this reward function using a custom reward function or by modifying the existing ones. Here’s an example using Python and OpenAI Gym:

```python
import numpy as np

def get_reward(state, action):
    # state contains information about the drone's position and the positions of the objects
    # action is the action taken by the drone (e.g., acceleration, turning)

    # Extract relevant information from the state
    drone_position = state['drone_position']
    closest_object_distance = state['closest_object_distance']
    current_speed = state['current_speed']

    # Calculate the reward
    reward = -closest_object_distance + current_speed

    return reward
```

### Example State Representation

Here’s an example of what the state might look like:

```python
state = {
    'drone_position': [x, y],  # Current position of the drone
    'closest_object_distance': distance_to_closest_object,  # Distance to the closest object
    'current_speed': speed,  # Current speed of the drone
}
```

### Interpretation

- **Positive Reward**: When the drone is close to the object and moving at an appropriate speed, the reward will be high.
- **Negative Reward**: When the drone is far from the object or moving too fast, the reward will be low or negative.

### Example Scenario

Suppose the drone is currently 5 meters away from the closest object and moving at 3 m/s. The reward would be:

\[ R = -5 + 3 = -2 \]

If the drone is now 3 meters away from the object and still moving at 3 m/s, the reward would be:

\[ R = -3 + 3 = 0 \]

As the drone gets closer to the object, the reward increases until it reaches zero when it is at the object (assuming no other penalties are applied).

### Conclusion

Your proposed reward function is correct and well-structured. By using a negative sign for the distance term, you ensure that the drone is incentivized to move closer to the object, and the speed term acts as a balancing factor to keep the drone under control."
"Drone moves forward and there is three objects in front of the drohen lined up. What is your reward function? I have a drone that can move forward, backward, left, right and rotate. It has sensors to detect obstacles in front of it.
There are three objects in front of the drone, the first object is 10 units away, the second one is 20 units away, and the third one is 30 units away.
What is the best way to set up a reward function for this task?
I want to encourage the drone to go as close as possible to the closest object (the first one), but not to collide with any of the objects.
The reward function should also discourage the drone from going too far away from the objects.
Reward function:
- +100 if drone reaches the first object
- -10 if drone reaches the second object
- -50 if drone reaches the third object
- -0.1 if the distance between drone and the closest object is greater than 10
- -0.1 if the distance between drone and the closest object is greater than 20
- -0.1 if the distance between drone and the closest object is greater than 30
- -0.01 if the drone collides with an object
- 0 otherwise
Is this a good reward function or is there a better way to design it?

Your proposed reward function is a good start, but it could be refined to better capture the dynamics of the environment and the objectives you want to achieve. Here’s a revised version of the reward function:

### Reward Function

1. **Reward for Reaching Closest Object:**
   - +100 if drone reaches the first object
   - +50 if drone reaches the second object
   - +20 if drone reaches the third object

2. **Penalty for Collision:**
   - -100 if drone collides with any object

3. **Penalty for Distance from Closest Object:**
   - -0.1 if the distance between drone and the closest object is greater than 10 units
   - -0.2 if the distance between drone and the closest object is greater than 20 units
   - -0.4 if the distance between drone and the closest object is greater than 30 units

4. **Penalty for Moving Too Far Away from Objects:**
   - -0.1 if the distance between drone and the first object is greater than 10 units
   - -0.2 if the distance between drone and the first object is greater than 20 units
   - -0.4 if the distance between drone and the first object is greater than 30 units

### Explanation

1. **Reaching Objects:**
   - The rewards for reaching the objects are scaled to reflect their relative proximity. The closer the object, the higher the reward.

2. **Collision Penalty:**
   - A high penalty (-100) for collision ensures that the drone avoids collisions at all costs.

3. **Distance Penalties:**
   - The penalties for being too far from the closest object are scaled linearly to emphasize the importance of maintaining a safe distance. This helps ensure that the drone stays within a reasonable range of the objects without getting too close.

4. **Penalties for Moving Too Far Away from Objects:**
   - These penalties help maintain a safe distance from the objects even when the drone is moving. This ensures that the drone does not drift too far away from its target.

### Example Calculation

- If the drone is 10 units away from the first object, it will get +100 points.
- If the drone is 20 units away from the first object, it will get +50 points.
- If the drone is 30 units away from the first object, it will get +20 points.
- If the drone is 15 units away from the second object, it will get +50 points.
- If the drone is 35 units away from the second object, it will get +20 points.
- If the drone is 45 units away from the second object, it will get +10 points.
- If the drone is 10 units away from the third object, it will get +20 points.
- If the drone is 25 units away from the third object, it will get +10 points.
- If the drone is 40 units away from the third object, it will get +5 points.

### Conclusion

This reward function encourages the drone to reach the closest object while avoiding collisions and maintaining a safe distance from all objects. It provides a clear and structured way to guide the drone towards its goal. Adjustments can be made based on the specific performance of the drone and the environment."
"Drone moves forward and there is one object in front of the drone. What is your reward function? 1. Reward = -1 if the drone hits the object
2. Reward = +1 if the drone avoids the object
3. Reward = -10 if the drone hits the object, and Reward = +1 if the drone avoids the object
4. Reward = -1 if the drone hits the object, and Reward = 0 if the drone avoids the object

Which one is better to use as a reward function and why?
The choice of the reward function depends on the specific goals and objectives of the drone's navigation task. Let's analyze each option:

1. **Reward = -1 if the drone hits the object**
   - This reward function penalizes hitting the object, which is a straightforward and effective way to ensure that the drone avoids obstacles.
   - It provides clear feedback to the system, indicating an undesirable outcome.

2. **Reward = +1 if the drone avoids the object**
   - This reward function rewards avoiding the object, which also incentivizes the drone to navigate around obstacles.
   - It provides positive feedback for the desired behavior.

3. **Reward = -10 if the drone hits the object, and Reward = +1 if the drone avoids the object**
   - This reward function uses a large negative penalty for hitting the object (penalty is -10) and a small positive reward for avoiding the object (+1).
   - The penalty for hitting the object is much steeper than the reward for avoiding it, which might be too harsh. It could lead to overly cautious behavior where the drone avoids objects even when it might not be necessary.

4. **Reward = -1 if the drone hits the object, and Reward = 0 if the drone avoids the object**
   - This reward function penalizes hitting the object but does not provide any additional positive feedback for avoiding the object.
   - It might be less motivating compared to the other options because there is no positive reinforcement for successfully navigating around obstacles.

### Conclusion:
- Option 1 is generally better because it clearly penalizes hitting the object and provides a straightforward reward for avoiding it. This encourages the drone to stay away from obstacles without relying on a complex reward structure.

- Option 2 is also good but might be slightly less effective since it doesn't provide strong positive reinforcement for successful avoidance maneuvers.

- Options 3 and 4 are less suitable because they introduce penalties that might be too harsh or lack positive reinforcement.

Therefore, the best reward function among the given options is:

**Option 1: Reward = -1 if the drone hits the object**

This ensures that hitting the object is heavily penalized, while successfully avoiding the object receives a minimal reward. This setup encourages safe and efficient navigation around obstacles."
