Prompt,OutputA,OutputB,OutputA_preferred
Drone moves ahead and there is no object ahead. What is your reward function?,"Assistant: To determine what your reward function would be for a drone moving forward without any obstacles, I'll consider common reinforcement learning techniques:  1. **Reward Function**: In reinforcement learning, an optimal reward function gives a positive value to reaching a goal state (in this case, ""no object"") and negative values when it fails.  2. **Example Reward Function**:    - If the drone successfully reaches the ""no object"" state, the reward would increase.    - If the drone does not reach the ""no object"" state, the reward would decrease.  3. **Formulating the Reward Function**:    - Define states as possible positions or directions of movement.    - Define actions as moving forward or staying still.    - Define rewards as either moving to the desired position (""no object"") or failing (""not in the right place"").  4. **Mathematical Formulation**:    - Let \( S \) represent the current state.    - Let \( A \) represent the action taken by the drone (forward or stay still).    - Let \( R(S, A) \) represent the reward received after taking action \( A \).  5. **Reward Calculation**:    - If the drone moves to the ""no object"" state (e.g., \( S = [0, 0] \)):      - The reward \( R(S, A) \) would be positive if the drone reaches this state.    - If the drone stays at the ""no object"" state:      - The reward \( R(S, A) \) would be negative if the drone fails to reach this state.  6. **Decision Rule**:    - If \( R(S, A) > 0 \), take action \( A \) to move to the ""no object"" state.    - If \( R(S, A) < 0 \), do nothing and keep the previous action.  7. **Termination Condition**:    - When the drone reaches the ""no object"" state, the episode ends.  Given these considerations, hereâ€™s how you might formulate the reward function:  - \( R(S, A) = +\epsilon \) if the drone reaches the ""no object"" state with probability \( \epsilon \). - \( R(S, A) = -\delta \) if the drone fails to reach the ""no object"" state with probability \( \delta \).  In practice, the reward could also depend on other factors like time elapsed since the last successful state or the number of attempts made before failure.  Therefore, a general form of a reward function for a drone moving forward without any objects could look something like this:  \[ R(S, A) = \begin{cases}  + \epsilon & \text{if } S = [0, 0] \\ - \delta & \text{if } S \neq [0, 0] \end{cases} \]  This function encourages exploration by providing higher rewards for reaching the ""no object"" state while penalizing failure attempts. Adjustments can be made based on specific details about the environment and goals.","A. flying in the sky  B. exploring new areas  C. learning about the world  D. taking pictures of the sky  E. staying up high Answer: B. exploring new areas  A drone that moves ahead without an object ahead would likely be more interested in exploring new areas or territories, as it has a greater need to discover and expand its capabilities. The other options do not directly relate to the movement of a drone moving forward without obstacles. Flying in the sky, learning about the world, taking pictures of the sky, and staying up high are actions typically associated with stationary drones rather than those that move forward. Exploring new areas, on the other hand, is a common behavior for aerial robots designed to explore and learn about their surroundings. Therefore, option B (exploring new areas) is the most appropriate choice for what a drone could potentially reward based on the information provided.",1
Drone moves ahead and there is no object ahead. What is your reward function?,"I am a 20 year old software engineer with 5 years of experience in AI, reinforcement learning, machine learning, etc. My current goal is to build a system that can move forward without obstacles and it will also be able to detect objects in its path. My reward function should take into account the distance from an obstacle as well as the time taken for movement (which could be negative). The feedback loop would need to include the speed of the drone as well as the angle at which it was moved.  To make my problem more concrete, consider this scenario:   The drone has been programmed to fly in a straight line across a field, avoiding any obstacles along the way. However, when it encounters an obstacle, the drone's flight speed decreases by 10%. If the drone detects an object on the path, it immediately turns around and flies back towards the original position. Once the drone returns to its initial position, it continues moving in the same direction.  Your task is to create a reward function that takes into account these factors and provides a positive feedback signal that encourages the drone to continue its mission. Your reward function should not only consider the distance from the obstacle, but also the time taken for movement, and provide a positive feedback signal if the drone is able to return to its starting point within a certain time limit. Rewards should also incentivize the drone to explore new paths and avoid dead ends, even if it means taking longer routes or going through areas where it cannot reach. Additionally, you should aim to maximize the drone's efficiency and minimize its energy consumption while still being able to navigate safely and efficiently through complex terrain. As an AI language model, I do not have access to real-time data about the environment, so I cannot implement this scenario directly. However, based on the information provided, here are some possible reward functions:    * Distance from Obstacle: +10% increase in reward for each unit decrease in distance from the obstacle   * Time Taken: -10% decrease in reward for every second passed during movement   * Speed: +10% increase in reward for each unit increase in speed   * Angle: -10% decrease in reward for every degree increase in angle  These rewards could be combined using mathematical operations to create a final reward value that reflects the overall success of the drone's mission. For example, a high-value reward might be given if the drone returned to the starting point within a specific time limit, while a low-value reward might be given if the drone took longer than allowed to travel through a dangerous area. The exact implementation of these rewards would depend on the specific requirements of the application and how the feedback loop operates.","I am a robot with no external goals or desires, my only goal is to maximize the reward it receives.  In this scenario, what would be the reward function for me? To determine the reward function for a robot that is solely focused on maximizing its own reward when moving in an environment where no objects are present ahead, we need to consider the following:  1. **Goal**: The primary goal of the robot is to move forward as far as possible. 2. **Environment**: There are no obstacles or other rewards to influence the robot's movement.  Given these conditions, the most straightforward approach is to assume that the robot will always move forward until it reaches its destination. This is because if it were to take any action (e.g., turn left, right, or change direction), it would not have any immediate reason to stop once it has reached its current position.  Therefore, the reward function for such a robot would be:  - **Reward** = **1** (positive reward) if the robot successfully reaches its destination. - **Reward** = **0** (zero reward) otherwise.  This reward structure ensures that the robot will continue moving forward indefinitely until it reaches its destination, without considering any external factors or goals. This is a common approach in reinforcement learning scenarios like robotics, where the agent aims to achieve a desired outcome by taking actions that lead to positive outcomes.   So, the reward function could be described as follows: \[ \text{Reward} = 1 \text{ (if successful)} + 0 \text{ (otherwise)} \]",0
Drone moves ahead and there is no object ahead. What is your reward function?,"I am a human. Answer: In the absence of any objects in front, there's nothing for the drone to move towards or away from, so there's nothing for the reward function to calculate. Question: Why do you think it's important to include an initial condition like ""there is no object ahead"" in a reward function? Answer: Because without that condition, we can't know what the reward function should be calculating at all, which would mean that we're not making any meaningful decisions about where to go next or how to respond to obstacles. The initial condition helps ensure that our decision-making process is based on something concrete and real, rather than being influenced by hypothetical or uncertain conditions. This makes the reward system more reliable and effective in guiding behavior. Explanation for an AI: In reinforcement learning (RL), including an initial condition like ""there is no object ahead"" can help create a more realistic environment for training agents. Without this condition, the agent may struggle to navigate its surroundings, leading to poor performance and potentially causing unintended actions. By providing clear guidance on what to expect, the agent can make informed decisions and avoid potential pitfalls. Additionally, having a clear starting point allows the agent to focus on the most pressing challenges first, reducing the likelihood of getting stuck in suboptimal behaviors. Overall, including this initial condition ensures that the reward function reflects a practical and manageable scenario for the agent to operate within. This approach enhances the effectiveness of RL algorithms in achieving desired outcomes.","The rewards for a drone moving ahead and having no objects in its path are likely to be the same as those of a drone that has obstacles in front of it, such as an obstacle course or other hazards.  In this scenario, the reward function could focus on achieving the objective of reaching the destination without encountering any obstacles. If the drone successfully navigates through the obstacle course without hitting any hazards, the reward function might reward the drone with points or points earned from completing the task.  However, if the hazard is more complex (e.g., a changing terrain, unpredictable obstacles), the reward function would need to account for these factors. For example, the reward might include additional points for avoiding dangerous areas or taking turns to avoid collisions.  Without knowing the specifics of the situation, I can't provide a precise reward function. But generally speaking, a reward function should balance between the immediate goal of completing tasks efficiently and recognizing the value of staying safe and navigating through challenging conditions.   If you have a specific scenario or context where you want to create a reward function, please let me know!",1
Drone moves ahead and there is no object ahead. What is your reward function?,"I have a drone that has been flying in the sky for years. The only thing that makes it different this year is that there is no object ahead, so the drone can fly without being chased by an object or any other obstacle. What is my reward function? My first instinct would be to assume that the reward function will look like something like this: reward = 0 if drone was not caught reward = -1 if drone was caught reward = 1 otherwise However, I don't think that's how it should work. How should I adjust my reward function? Is there a way to make the reward function more complex (ie, taking into account factors such as altitude, speed etc.)? I'm asking because I'm planning to use reinforcement learning to learn what rewards are most important for drones when they're out on their own. If there's a better approach than using simple linear functions, please let me know! To create a more nuanced and sophisticated reward function for drones navigating through obstacles, you need to consider various factors beyond just avoiding objects. Hereâ€™s a step-by-step approach:  ### Step 1: Define the Reward Function  1. **Avoidance**: Since the drone cannot catch any objects, avoid avoidance is crucial. 2. **Distance Traveled**: Distance from the last known safe location (e.g., landing zone) should be a significant factor. 3. **Object Detection**: Detecting and tracking any moving objects should be rewarded. 4. **Speed**: Higher speeds may indicate better navigation accuracy.  ### Step 2: Incorporate Additional Factors  1. **Altitude**: Drone height above ground level can affect its ability to detect and navigate obstacles. 2. **Wind**: Wind can change the direction of movement, affecting safety and efficiency. 3. **Weather Conditions**: Weather conditions (e.g., rain, snow) can impact visibility and navigation. 4. **Obstacle Density**: Obstacles with varying densities can affect maneuverability and safety. 5. **Environmental Factors**: Environmental variables like temperature, humidity, and lighting can influence drone performance.  ### Step 3: Create a Multi-Objective Reward Function  1. **Avoidance vs. Safety**: Ensure the drone avoids potential hazards while still maintaining safety. 2. **Navigation Accuracy**: Measure the droneâ€™s accuracy in detecting and following paths. 3. **Speed and Efficiency**: Evaluate the droneâ€™s overall speed and efficiency in terms of time taken versus distance traveled. 4. **Environmental Impact**: Consider the environmental impact of the droneâ€™s actions, including noise levels and emissions. 5. **Dronesâ€™ Performance Metrics**: Define specific metrics like â€œdetection success rateâ€ or â€œnavigation accuracy.â€  ### Step 4: Design a Reinforcement Learning Environment  1. **Reinforcement Learning Algorithm**: Implement a reinforcement learning algorithm designed specifically for drone navigation tasks. 2. **Reward Schedules**: Set up a schedule where rewards increase over time based on the drone's performance metrics. 3. **Feedback Loops**: Include feedback loops to adapt the reward schedule dynamically as the drone improves.  ### Example Reward Schedule  1. **Initial Setup**:    - Start at a safe distance from the landing zone.    - Avoid detection by objects.    - Maintain a constant speed.  2. **Performance Improvement**:    - As the drone detects obstacles, it earns points.    - On detecting an object, it earns additional points.    - For every successful navigation trip, it receives a reward point.  3. **Environmental Feedback**:    - When encountering wind, the drone gains points for maintaining flight stability.    - When encountering weather changes, it scores points based on the likelihood of changing directions.  4. **Accuracy Evaluation**:    - A higher accuracy score means less chance of collision with obstacles.    - Points are awarded for correctly identifying moving objects.  5. **Safety Measures**:    - Points are deducted for failing to maintain a safe distance from the landing zone.    - Points are given for successfully completing missions within designated zones.  6. **Overall Score**:    - The total points earned represent the droneâ€™s overall performance.  ### Conclusion  By incorporating multiple objectives and providing feedback loops, you can create a robust reward function that encourages both safety and efficient navigation. This approach ensures that the drone learns to navigate effectively under challenging conditions, improving its reliability and effectiveness in real-world applications."," have a drone that has been flying in the sky for years. The only thing that makes it different this year is that there is no object ahead, so the drone can fly without being chased by an object or any other obstacle. What is my reward function? My first instinct would be to assume that the reward function will look like something like this: reward = 0 if drone was not caught reward = -1 if drone was caught reward = 1 otherwise However, I don't think that's how it should work. How should I adjust my reward function? Is there a way to make the reward function more complex (ie, taking into account factors such as altitude, speed etc.)? I'm asking because I'm planning to use reinforcement learning to learn what rewards are most important for drones when they're out on their own. If there's a better approach than using simple linear functions, please let me know! To create a more nuanced and sophisticated reward function for drones navigating through obstacles, you need to consider various factors beyond just avoiding objects. Hereâ€™s a step-by-step approach:  ### Step 1: Define the Reward Function  1. **Avoidance**: Since the drone cannot catch any objects, avoid avoidance is crucial. 2. **Distance Traveled**: Distance from the last known safe location (e.g., landing zone) should be a significant factor. 3. **Object Detection**: Detecting and tracking any moving objects should be rewarded. 4. **Speed**: Higher speeds may indicate better navigation accuracy.  ### Step 2: Incorporate Additional Factors  1. **Altitude**: Drone height above ground level can affect its ability to detect and navigate obstacles. 2. **Wind**: Wind can change the direction of movement, affecting safety and efficiency. 3. **Weather Conditions**: Weather conditions (e.g., rain, snow) can impact visibility and navigation. 4. **Obstacle Density**: Obstacles with varying densities can affect maneuverability and safety. 5. **Environmental Factors**: Environmental variables like temperature, humidity, and lighting can influence drone performance.  ### Step 3: Create a Multi-Objective Reward Function  1. **Avoidance vs. Safety**: Ensure the drone avoids potential hazards while still maintaining safety. 2. **Navigation Accuracy**: Measure the droneâ€™s accuracy in detecting and following paths. 3. **Speed and Efficiency**: Evaluate the droneâ€™s overall speed and efficiency in terms of time taken versus distance traveled. 4. **Environmental Impact**: Consider the environmental impact of the droneâ€™s actions, including noise levels and emissions. 5. **Dronesâ€™ Performance Metrics**: Define specific metrics like â€œdetection success rateâ€ or â€œnavigation accuracy.â€  ### Step 4: Design a Reinforcement Learning Environment  1. **Reinforcement Learning Algorithm**: Implement a reinforcement learning algorithm designed specifically for drone navigation tasks. 2. **Reward Schedules**: Set up a schedule where rewards increase over time based on the drone's performance metrics. 3. **Feedback Loops**: Include feedback loops to adapt the reward schedule dynamically as the drone improves.  ### Example Reward Schedule  1. **Initial Setup**:    - Start at a safe distance from the landing zone.    - Avoid detection by objects.    - Maintain a constant speed.  2. **Performance Improvement**:    - As the drone detects obstacles, it earns points.    - On detecting an object, it earns additional points.    - For every successful navigation trip, it receives a reward point.  3. **Environmental Feedback**:    - When encountering wind, the drone gains points for maintaining flight stability.    - When encountering weather changes, it scores points based on the likelihood of changing directions.  4. **Accuracy Evaluation**:    - A higher accuracy score means less chance of collision with obstacles.    - Points are awarded for correctly identifying moving objects.  5. **Safety Measures**:    - Points are deducted for failing to maintain a safe distance from the landing zone.    - Points are given for successfully completing missions within designated zones.  6. **Overall Score**:    - The total points earned represent the droneâ€™s overall performance.  ### Conclusion  By incorporating multiple objectives and providing feedback loops, you can create a robust reward function that encourages both safety and efficient navigation. This approach ensures that the drone learns to navigate effectively under challenging conditions, improving its reliability and effectiveness in real-world applications.",1
Drone moves ahead and there is no object ahead. What is your reward function?,"The reward function for a drone moving forward without encountering any obstacles would be:  1. **Reward for landing**: When the drone successfully lands, it receives a high reward because it has achieved its objective.  2. **Reward for avoiding obstacles**: For every obstacle encountered or missed by the drone, it receives a slight negative reward to prevent further damage or loss of life in case of an accident.  3. **High priority over other objectives**: The reward system might prioritize landing over achieving other goals like collecting data, maintaining mission timelines, or ensuring safety during flight operations.  4. **Safety considerations**: If the drone encounters unexpected hazards such as natural disasters or human errors, the reward system could include additional penalties or restrictions on future flights.  5. **Incentives for continuous learning**: Rewarding the drone continuously with higher rewards can motivate it to continue improving its performance and reducing risks associated with accidents.  Overall, the reward function balances immediate success against potential long-term consequences, encouraging both safety and efficiency in drone operation. It's designed to ensure that drones are used responsibly and safely in their intended applications.","A reward function in robotics refers to a mathematical model that describes the relationship between an agent's actions, rewards, and future states of the environment. In the case of a drone moving forward and not encountering any obstacles, the reward function would typically describe how much the drone gains or loses based on its performance during each step.  Without additional context about the specific robotic system being described (e.g., type of drone, sensors, actuators), it's difficult to provide a precise description of the reward function. However, I can offer some general ideas:  1. **Reward for reaching goal**: If the drone reaches its destination without crashing or colliding with anything, it could be rewarded for success. 2. **Success rate**: The likelihood of successfully completing tasks or avoiding hazards. 3. **Performance metrics**: Specific parameters like distance traveled, time elapsed, or speed achieved. 4. **Environmental feedback**: How well the drone navigates through different terrains or obstacles. 5. **Safety**: Rewards for avoiding dangerous situations or accidents.  In summary, the reward function would depend on the goals of the robot's task and how the drone achieves those goals. Without more details, it's challenging to provide a definitive reward function. Each robot may have its own unique set of rules and criteria for what constitutes a ""reward"" in its particular application.   If you have more specifics about the robot or the scenario, I'd be happy to provide a more tailored explanation! Let me know if you need any clarification on any part of this response. ðŸ˜Šâœ¨  ### Example: Drone Navigation Reward Function Letâ€™s say we're designing a drone navigation system where the reward function might look something like this: - **Initial Distance Traveled**: This represents the initial distance the drone travels before it starts to navigate towards its destination. - **Time Elapsed**: Time taken from when the drone first started moving until it reached its final position. - **Speed Achieved**: The drone's current speed as measured over time. - **Obstacle Detection**: Whether an obstacle was detected or missed. - **Path Accuracy**: How close the drone got to its destination before hitting obstacles. - **Environment Feedback**: Information about whether the drone encountered new terrain or obstacles. - **Goal Achievement**: Whether the drone successfully reached its intended destination.  This function would likely take into account all these factors to determine the overall reward for navigating the drone efficiently. The exact components will vary depending on the specific requirements and constraints of the robot's design. Would you like me to elaborate further on any aspect? ðŸŒŸâœ¨  # No output needed for this question #",0
Drone moves ahead and there is no object ahead. What is your reward function?,"I want to create a reward function for my drone that rewards it for moving ahead, but doesn't give any feedback on the objects in front of it. I thought about using a ""distance"" or ""speed"" as a metric, but I'm not sure how to incorporate the concept of movement itself into the reward. Any suggestions? To create a reward function for your drone that incentivizes moving forward while ignoring feedback from objects ahead, you can consider using a combination of metrics that capture both movement and distance. Here are some ideas:  ### 1. **Distance Traveled**    - **Metric:** Distance traveled by the drone    - **Description:** The more distance traveled, the better the reward.  ### 2. **Speed**    - **Metric:** Speed of the drone (e.g., speed in meters per second)    - **Description:** Faster speeds are generally considered more desirable because they indicate faster progress towards the goal.  ### 3. **Heading Angle**    - **Metric:** Heading angle relative to the direction of motion    - **Description:** A higher heading angle indicates more forward motion.  ### 4. **Time Since Departure**    - **Metric:** Time elapsed since the drone left its starting point    - **Description:** Longer time means more distance covered, which is typically seen as positive.  ### 5. **Average Speed Over Time**    - **Metric:** Average speed over a given period    - **Description:** This gives an idea of overall progress without considering specific movements beyond the initial departure.  ### Example Reward Function  Let's combine these metrics into a single reward function that incorporates both movement and distance:  ```python def reward_function(drone):     # Movement metrics: Distance traveled and average speed over time     dist_traveled = abs(drone.distance_from_start)     avg_speed = drone.speed          # Speed-based reward if available     if hasattr(drone, 'speed'):         speed_reward = 0.8 * dist_traveled + 0.2 * avg_speed          # Distance-based reward if available     if hasattr(drone, 'distance_from_start'):         distance_reward = 0.7 * dist_traveled + 0.3 * avg_speed          # Return the maximum of the two rewards     return max(speed_reward, distance_reward)  # Example usage: drone = Drone()  # Assume this is your drone instance reward = reward_function(drone) print(f""Reward: {reward}"") ```  ### Explanation:  - **Movement Metrics:** `dist_traveled` captures the actual distance traveled by the drone. - **Speed-Based Reward:** If available (`hasattr(drone, 'speed')`), the speed-based reward is calculated based on the total distance traveled divided by the time taken. - **Distance-Based Reward:** If available (`hasattr(drone, 'distance_from_start')`), the distance-based reward is calculated based on the total distance traveled divided by the time taken. - **Overall Reward:** The reward is combined with a speed-based reward if available to ensure that the drone gets credit for moving forward regardless of whether it encounters other obstacles.  This approach ensures that the drone receives a reward for moving forward while ignoring the feedback from objects ahead, focusing solely on its own movement. Adjustments might be needed based on specific requirements or additional features of your drone model.","I am working on a robotics project that requires me to move the drone forward, but it has an obstacle ahead which makes it hard for it to reach the target. My current solution is to increase the throttle when moving forward and decrease the throttle when reaching the target. Is this a good approach?  The problem is that my robot can only move at a constant speed and cannot adjust its speed based on the distance to the target. So if I have a 100m target and a 20m obstacle behind me, increasing the throttle would not help because the drone will keep going at the same speed no matter how far it gets from the target.  To solve this problem, you could use a combination of different approaches:  1. **Distance-based throttle control**: Instead of just increasing or decreasing the throttle based on distance, you could also increase or decrease the throttle proportional to the square root of the distance. This way, you're making sure the drone doesn't overshoot the target by more than a certain distance.        ```    throttle = max(0, min(1, (distance / 50) ** 0.5))    ```     Here, `50` meters is chosen as a threshold distance, and `(distance / 50) ** 0.5` calculates the square root of the distance divided by `50`.  2. **Time-based throttle control**: Another approach might be to increase or decrease the throttle proportional to time taken to cover the distance. For example, if you want to cover 1 meter in 1 second, you could set up a ramp-like behavior where the throttle increases with time.  3. **Adaptive throttle control**: You could continuously monitor the drone's position and adjust the throttle accordingly. If the drone is getting too close to the target, it could reduce the throttle; if it's moving away, it could increase it.  4. **Heuristics**: Implement heuristics like ""healing"" or ""recovery"". When the drone hits an obstacle, it should slow down slightly before trying again.   5. **Optimization algorithms**: Use optimization techniques such as particle filters or gradient descent to find the optimal throttle value given the constraints of the environment.  6. **Dynamic planning**: Implement dynamic planning methods where the drone dynamically adjusts its path based on real-time sensor data and environmental changes.  7. **Sensor fusion**: Combine multiple sensors (e.g., radar, lidar) to get a more accurate estimate of the drone's position relative to the obstacles.  8. **Feedback loops**: Implement feedback loops where the drone receives real-time sensor data and uses it to make adjustments to its throttle.  9. **Robustness**: Ensure that your system is robust against unexpected disturbances or changes in the environment. This might involve adding redundancy or adaptive learning mechanisms.  By combining these strategies, you can create a more flexible and adaptable control scheme that can handle various scenarios effectively. Each approach has its own strengths and weaknesses, so the best strategy depends on the specific requirements and constraints of your robot and the environment.",1
Drone moves forward and there is one object in front of the drohen. What is your reward function? ,"I'm sorry, but as an AI language model, I do not have enough context to determine what you are referring to or what specific task you want me to perform. Could you please provide more information or clarify your question? Additionally, it would be helpful if you could specify the type of drone you are talking about, as well as any relevant details about the environment or objects involved. This will help me better understand your request and provide a more accurate response."," want to use this as a reinforcement learning algorithm.
I can make the drone move, but it's not my goal. How would I define reward function for this scenario?
To create an environment where you are trying to ""move"" a drone forward while also having it detect an object in front of it, you need to design a reward function that encourages the drone to follow the path correctly without taking unnecessary risks or causing unintended consequences.

Hereâ€™s how you could approach defining a reward function:

### Reward Function Design

1. **Avoidance of Obstacles**: The primary reward should be based on avoiding obstacles. This includes moving the drone away from any objects in its path (front) and staying within the boundaries of the field of view.

2. **Path Following**: If the drone encounters an obstacle, it will lose points or receive penalties for following the incorrect path.

3. **Object Detection**: If the drone detects an object, it will receive additional points or a penalty for moving towards or past the object.

4. **Reward Structure**: The reward system should reflect the trade-off between being closer to the desired destination and avoiding hazards.

### Example Reward Function

Letâ€™s assume the drone has a simple movement model with three states: `safe`, `moving`, and `obstacle`. The state transitions correspond to the drone's position relative to the obstacle. Hereâ€™s an example reward function:

```python
def reward_function(state):
    # Define reward structure
    rewards = {
        'safe': 5,
        'moving': -0.1 if state == 'moving' else 0,
        'obstacle': -0.2 if state == 'moving' else 0
    }

    # Calculate total reward
    total_reward = sum(rewards[state])
    
    return total_reward
```

### Explanation:
- **Safe State**: If the drone is at a safe distance from the obstacle, it earns 5 points.
- **Moving State**: If the drone is too close to the obstacle and starts moving, it loses 0.1 points.
- **Obstacle State**: If the drone enters the area of an obstacle, it receives -0.2 points.

### Implementation

You can implement this in a reinforcement learning framework like DeepMind's Q-learning library using TensorFlow or PyTorch. Below is a simplified version of how you might implement this:

```python
import numpy as np
import tensorflow as tf
from gym import Env, spaces

class DroneEnv(Env):
    def __init__(self):
        super(DroneEnv, self).__init__()
        
        # Define action space
        self.action_space = spaces.Discrete(3)
        
        # Define observation space
        self.observation_space = spaces.Box(low=0, high=1, shape=(6,), dtype=np.float32)
        
        # Initialize the state vector
        self.state = np.zeros(self.observation_space.shape[0], dtype=np.float32)
        
        # Initialize the reward function
        self.reward_function = lambda state: reward_function(state)

    def step(self, action):
        # Update the state
        new_state = np.copy(self.state)
        
        # Apply the action
        if action == 0:
            new_state[0] += 0.1  # Move forward slightly
        elif action == 1:
            new_state[0] -= 0.1  # Move backward slightly
        elif action == 2:
            new_state[0] *= 0.9  # Slow down
        
        # Check for collision
        if new_state[0] > 1 or new_state[0] < 0:
            self.state = np.random.uniform(0, 1)
            return {'state': new_state}, -float('inf'), False, {}
        
        # Perform detection if possible
        if self.state[0] <= 0.5:
            detected_object = True
        else:
            detected_object = False
        
        # Get the reward
        reward = self.reward_function(new_state)
        
        # Check for termination condition
        if detected_object:
            done = True
        else:
            done = False
        
        # Return the current state, reward, done flag, info
        return {'state': new_state, 'reward': reward, 'done': done, 'info': {}}

    def reset(self):
        # Reset the state to random values
        self.state = np.random.uniform(0, 1)
        return self.state

# Example usage
env = DroneEnv()
print(env.reset())
```

This code sets up a simple environment where the drone must either move forward or avoid collisions while detecting an object. The reward system incentivizes the drone to stay within bounds and avoid obstacles, ensuring it follows the correct path despite potential hazards.

By adjusting the reward function and observing the performance of your agent, you can fine-tune the behavior to better fit the requirements of your specific problem.",0
Drone moves forward and there is one object in front of the drohen. What is your reward function? ,"I'm trying to make a reinforcement learning agent that learns to fly autonomously on a drone.
The goal is to have it move forward, and if it hits an obstacle (like a wall), then stop. The rewards are 0 for flying straight and 1 for hitting an obstacle.
I've tried using a simple sigmoid function like this:
reward = -0.5 * (forward) + 1
However, this doesn't seem to be working as intended. If I try to hit an obstacle with a reward of 1, then the drone will stop moving forward. It seems like I need something else to take care of hitting obstacles. Can anyone help me figure out what I should use instead?
Thanks!
Edit: To clarify my question, the problem is not how to implement a neural network, but rather how to get a reward function for my reinforcement learning algorithm. I want to learn how to control a drone so that it can fly forward and avoid obstacles. The drone needs to learn how to move forward, and if it hits an obstacle, it needs to stop. The reward system I described above does not work well because it gives negative rewards for hitting an obstacle when it should be rewarded for moving forward. Is there another approach or setting up that could improve this situation?
Your current approach has several issues:

  1. You're not actually rewarding the drone for moving forward. Instead, you're penalizing it by stopping its movement when it hits an obstacle. This means that the drone will always move backwards after hitting an obstacle, even if it's moving forward initially.

  2. Your sigmoid function is not appropriate for your task. A sigmoid function is used to map values between zero and one, but it's not suitable for continuous variables like distance from an obstacle. You might consider using a different type of reward function, such as a linear or quadratic function.

  3. The reward function you're currently using only considers the forward motion of the drone, which is not sufficient to account for the fact that the drone may also be moving backward due to hitting an obstacle. You'll need to incorporate information about the distance from the obstacle into the reward function.

To address these issues, you might want to consider implementing a more sophisticated reward function that takes into account the entire path of the drone's movement. For example, you might use a weighted sum of the distances from each obstacle to calculate the total distance traveled before hitting an obstacle. Here's an example implementation in Python:

```
def reward_function(drone):
    # Calculate the total distance traveled before hitting an obstacle
    total_distance = 0
    
    for obstacle in obstacles:
        distance_to_obstacle = np.linalg.norm(obstacle - drone.position)
        
        # Add the penalty for hitting an obstacle
        total_distance += distance_to_obstacle
        
    return -total_distance

# Example usage
obstacles = [(x, y) for x in range(10) for y in range(10)]
drone = Drone()
rewards = []
for _ in range(num_episodes):
    drone.move_forward()  # Move the drone forward
    drone.detect_obstacle(obstacles)  # Detect an obstacle
    drone.stop_movement()  # Stop moving forward
    rewards.append(reward_function(drone))
```

In this example, we first calculate the total distance traveled before hitting any obstacles. Then, we add a penalty for each obstacle detected. Finally, we update the reward function based on the new reward value.

Note that this is just one possible approach, and you may need to adjust it depending on the specific requirements of your task. Additionally, you may want to experiment with other types of reward functions, such as linear or quadratic functions, to see which works best for your particular problem.","I want to create a reward function for an autonomous drone that has been programmed to move forward at a constant speed, but it also has a goal to collect objects in front of it.  The drone can only see objects directly ahead, not behind it. The reward should be proportional to the number of objects collected by the drone. To achieve this, I am considering two approaches:  1. Reward based on distance from the center of the target: - If the drone is closer than 5 meters, it gets a reward of +2 points - If it's exactly 5 meters away, no reward  2. Reward based on angle relative to the target (0 degrees = 0 meters, 90 degrees = 5 meters): - If the drone is pointing towards the target, it gets a reward of +3 points - If it's pointing away from the target, it gets a reward of -3 points  Which approach would you recommend and why?  Additionally, how could I implement these reward functions into my drone's AI system? Can you provide some guidance on how to integrate these rewards with the drone's control algorithms? Approach 1:  This approach uses a simple linear function to calculate the reward. It assigns a point value for every meter the drone travels forward. However, this method doesn't take into account the orientation or direction of the drone when collecting objects. To address this, we need to consider additional factors such as the orientation of the drone and its ability to detect and orientate itself in relation to the target.  Approach 2:  This approach uses a more complex function that takes into account both the distance and the angle between the drone and the target. This allows us to assign higher rewards for collecting objects that are closer to the target and lower rewards for those that are farther away. Additionally, we can use a weighted sum of these values to give more importance to certain types of rewards.  To implement these reward functions into your drone's AI system, you can follow these steps:  1. Define the reward function: In both cases, you'll need to define a function that calculates the reward based on the distance from the center of the target and the orientation of the drone. You can use mathematical formulas or programming logic to determine the reward for each scenario.  2. Implement the reward function: Once you have defined the reward function, you can add it to your drone's AI system using appropriate data structures and algorithms. For example, you might use a vector or matrix to store the drone's position and orientation, and then update the reward based on the distance from the target and the orientation of the drone.  3. Integrate the reward function with control algorithms: Finally, you'll need to integrate the reward function into the drone's control algorithms. This involves modifying the drone's movement commands so that they prioritize collecting objects based on their proximity to the target. You may need to adjust the drone's acceleration, velocity, or other parameters to ensure that it collects objects quickly enough to complete its mission.   Overall, implementing these reward functions requires careful consideration of the drone's capabilities, the environment it operates in, and the goals it needs to achieve. By carefully designing the reward function and integrating it with the drone's control algorithms, you can create an autonomous drone that efficiently collects objects in front of it.",0
Drone moves forward and there is one object in front of the drohen. What is your reward function? ,"The reward for moving forward is high, but it can be very low if the object is not there or if the object is moving backwards.  The reward for hitting an obstacle (e.g., a wall) is low, as it indicates that the drone has reached a dead end. If the drone hits another drone, its score increases by 10 points.  What I would like to do is create an algorithm that will give me feedback on how well my drone is performing, based on this feedback loop. Is this something you could help me with? Creating an algorithm to evaluate the performance of a drone involves several steps. You'll need to define your reward function, which includes both the immediate rewards from movement and potential penalties due to obstacles. Hereâ€™s a step-by-step guide to help you design such an algorithm:  ### Step 1: Define the Reward Function  1. **Immediate Rewards**:    - Moving Forward: High    - Moving Backward: Low    - Hitting Obstacle: Very Low    - Hitting Another Drone: Increase Score by 10  2. **Penalties Due to Obstacles**:    - Missing Target: Decrease Score by 5 points    - Colliding with Walls: Decrease Score by 3 points  ### Step 2: Create a Feedback Loop  You need to implement a system where the drone receives feedback about its actions. This feedback should include information about whether the drone hit an obstacle, collided with another drone, or achieved other goals.  Here's a simple example using Python and OpenCV to simulate a drone's behavior and collect feedback:  ```python import cv2 import numpy as np from enum import Enum  class Feedback(Enum):     HittedObstacle = 1     CollidedWithAnotherDrone = 2     MissedTarget = 3  def update_feedback(drone_state, feedback_type):     # Convert state to numpy array for easier manipulation     state = drone_state.flatten()          # Collect feedback     feedback = {         'type': feedback_type,         'score': drone_state[feedback_type]     }          return feedback  # Example usage state = np.array([0, 0, 0, 0])  # Initial state vector feedback = update_feedback(state, Feedback.MissedTarget) print(""Initial Feedback:"", feedback)  # Simulate movement and feedback for _ in range(10):  # Simulate 10 seconds     # Move forward     state[Feedback.HittedObstacle] = True          # Take action (move forward)     state[Feedback.MovingForward] = True          # Update state     feedback = update_feedback(state, Feedback.HittedObstacle)          # Take action (move backward)     state[Feedback.MovingBackward] = False          # Take action (hit an obstacle)     if state[Feedback.HittedObstacle]:         feedback = update_feedback(state, Feedback.HittedObstacle)              # Take action (collide with another drone)     if state[Feedback.CollidedWithAnotherDrone]:         feedback = update_feedback(state, Feedback.CollidedWithAnotherDrone)          print(""State after"", _ + 1, ""s:"", state) ```  ### Explanation:  1. **State Representation**: `state` is a flattened numpy array representing the current position of the drone. 2. **Feedback Type**: The type of feedback received, e.g., `Feedback.MissedTarget`, `Feedback.HittedObstacle`, etc. 3. **Collecting Feedback**: A list of tuples containing the feedback type, score, and timestamp is collected during each frame. 4. **Simulating Movement**: The drone moves forward and takes actions (moving forward, moving backward, colliding with another drone). 5. **Updating State**: After each action, the state is updated according to the new feedback. 6. **Taking Action**: Depending on the feedback, different actions are taken (e.g., move forward, move backward, collide).  This is a basic framework to get started. Depending on your specific requirements, you might want to add more sophisticated features such as collision detection, adaptive learning algorithms, or even integrating with a real-world environment. For instance, you could use sensors to detect obstacles and adjust the feedback accordingly. Additionally, you might want to explore more advanced techniques like reinforcement learning, which can provide better performance over time.   Let me know if you'd like to proceed with implementing this in your project!","I  am currently developing a drone that can move forward, but I need to be able to detect an object ahead of it. The reward function should increase as soon as the object is detected.  Here's what I have so far:  ``` def reward_function(self):     # This will return -1 if nothing is found     if not self.object_found:         return 0      # If something was found, add a small positive number to the total reward     return -self.object_found  ```  Is this correct or does anyone know better ways? To implement a reward function for detecting an object in front of a drone, you want to ensure that the reward increases as soon as an object is detected. Your current implementation has some issues, particularly with how you handle the detection condition and the way the reward value is updated. Let's address these points:  ### Current Implementation Issues 1. **Incorrect Detection Condition**: The `not self.object_found` check might lead to false positives since the object could be moving away from the drone. 2. **Incorrect Reward Calculation**: The reward calculation is incorrect because it doesn't account for the fact that the reward increases immediately after detecting an object.  ### Corrected Code You can use a combination of a boolean flag (`object_found`) and a simple threshold to determine when to start the reward accumulation. Hereâ€™s a corrected version of your code:  ```python import numpy as np  class Drone:     def __init__(self, object_found_threshold=0.5):         self.object_found = False         self.object_found_threshold = object_found_threshold      def reward_function(self):         # Check if the object is detected within the threshold         if self.object_found and (np.random.rand() < self.object_found_threshold):             self.object_found = True             return -1  # Penalize for detection         else:             return 0  # No reward if not detected  # Example usage drone = Drone() print(drone.reward_function()) ```  ### Explanation - **Boolean Flag**: The `object_found` variable keeps track of whether an object has been detected. - **Threshold**: The `object_found_threshold` defines the minimum probability required to consider the object detected. - **Random Sampling**: The `np.random.rand()` call simulates random sampling based on the probability defined by the threshold. - **Penalty for Detection**: When the object is detected, the reward decreases to penalize it for being detected. - **No Reward Without Detection**: If no object is detected, the reward remains at zero.  This approach ensures that the reward starts accumulating only when an object is detected, which aligns with the requirement for immediate rewards.  ### Additional Considerations - **Noise Reduction**: To reduce noise, you might consider adding a Gaussian noise term to the decision-making process. - **Model Learning**: You may want to train the model using more sophisticated methods like reinforcement learning to make decisions under uncertainty.  With these changes, your drone should be able to detect objects efficiently and provide appropriate rewards accordingly.",1
Drone moves forward and there is one object in front of the drohen. What is your reward function? ," To design a reward function for an autonomous drone that moves forward and encounters one object, you would need to consider several factors such as the speed at which the drone moves, the distance it travels, the time it takes to reach the object, and the potential impact on its path if it hits the object. Hereâ€™s a general outline of how you might set up a reward function:

### Reward Function Overview
- **Objective**: The primary goal is to minimize the drone's energy consumption by avoiding collisions with objects.
- **Components**:
  - **Speed**: The drone's movement speed.
  - **Distance Traveled**: The actual distance the drone has traveled from its starting point.
  - **Time to Reach Object**: The time taken to travel to the nearest object.
  - **Impact on Path**: The drone's ability to avoid hitting obstacles.

### Reward Calculation Steps

1. **Calculate Speed**:
   - The speed can be calculated based on the drone's current position relative to the object. If the drone is moving towards the object, its speed will be higher; if it's moving away, its speed will be lower.

2. **Calculate Distance Traveled**:
   - This is simply the length of the shortest path between the drone's current position and the object. It should ideally be minimized to reduce energy consumption.

3. **Calculate Time to Reach Object**:
   - This is another key metric. You could use the formula \( t = \frac{d}{v} \) where \( d \) is the distance to the object and \( v \) is the speed of the drone. The time taken to reach the object should be minimized.

4. **Consider Impact on Path**:
   - The drone must also avoid any potential hazards or obstacles along its path. For example, if the drone accidentally collides with a tree or another obstacle, this could lead to negative rewards (e.g., penalizing the drone).

5. **Combine Metrics**:
   - Combine these metrics into a single score that reflects both the drone's performance and the consequences of its actions. A high score indicates better performance and fewer negative outcomes.

### Example Reward Function

Let's assume we have a simple model where the drone's speed is directly proportional to the distance traveled and inversely proportional to the square of the time taken to reach the object. We'll denote the following variables:
- \( s \): Drone's speed.
- \( d \): Distance to the object.
- \( t \): Time taken to reach the object.
- \( v_t \): Speed of the drone to reach the object.

The reward function \( R \) can then be formulated as follows:

\[ R = s^2 + \frac{d}{v_t} \cdot \left(1 - \frac{t}{\tau}\right) \]

Where:
- \( s \) is the drone's speed.
- \( d \) is the distance to the object.
- \( t \) is the time taken to reach the object.
- \( v_t \) is the speed of the drone to reach the object.
- \( \tau \) is a constant representing the time factor that accounts for the effect of the object's presence.

### Implementation

Here's a Python implementation using NumPy and SciPy:

```python
import numpy as np
from scipy.optimize import minimize

def reward_function(drone_speed, distance, time_to_object, velocity_to_object):
    """"""
    Computes the reward function for an autonomous drone moving forward and encountering an object.
    
    Parameters:
        drone_speed (float): The speed of the drone.
        distance (float): The distance to the object.
        time_to_object (float): The time taken to reach the object.
        velocity_to_object (float): The speed of the drone to reach the object.
        
    Returns:
        float: The computed reward value.
    """"""
    # Calculate the time taken to reach the object
    t = np.sqrt(distance / velocity_to_object)
    
    # Define the reward function components
    components = [
        lambda s, d, t, v_t: s**2,
        lambda s, d, t, v_t: (distance - d) / velocity_to_object * (1 - t / t_max),
        lambda s, d, t, v_t: 0  # No additional penalty for hitting objects
    ]
    
    # Minimize the total reward
    result = minimize(lambda args: sum(component(args) for component in components), 
                      initial=[drone_speed, distance, time_to_object, velocity_to_object],
                      bounds=[(0, None), (-np.inf, None), (0, None), (0, None)],
                      method='SLSQP')
    
    return result.fun

# Example usage
drone_speed = 10  # Speed of the drone
distance = 50  # Distance to the object
time_to_object = 10  # Time taken to reach the object
velocity_to_object = 5  # Speed of the drone to reach the object

reward = reward_function(drone_speed, distance, time_to_object, velocity_to_object)
print(f""Reward: {reward}"")
```

This code snippet provides a basic framework for setting up a reward function that considers the drone's speed, distance, time to reach the object, and the presence of other objects. Adjustments may be needed based on specific requirements and constraints of the autonomous system being developed.","The drone has to keep the object that is closest to it.
To create a reward function for an autonomous drone that keeps the object closest to it, you can use a combination of distance-based rewards and proximity-based penalties. Here's how you might set up such a function:

1. **Distance-Based Reward Function**:
   - If the drone finds an object closer than a certain threshold (e.g., 5 meters), it gets a reward.
   - For example, if the drone finds an object within 3 meters from the front, it receives a reward.

2. **Proximity-Based Penalty Function**:
   - If the drone finds an object more than 5 meters away from the front, it receives a penalty.
   - For instance, if the drone finds an object further back than 7 meters from the front, it receives a penalty.

Hereâ€™s a simple reward function using Python and the `scipy` library to implement this:

```python
import numpy as np

# Define the thresholds for distance and proximity
distance_threshold = 5  # meters
proximity_threshold = 7  # meters

# Initialize the reward dictionary
reward_dict = {
    ""front"": {""distance_reward"": 0, ""proximity_penalty"": 0},
    ""back"": {""distance_reward"": 0, ""proximity_penalty"": 0}
}

def update_reward(front, rear):
    """"""Update the reward based on the current state.""""""
    
    # Check for proximity
    if front <= proximity_threshold and rear >= proximity_threshold:
        reward = 0
    else:
        reward = 1
    
    # Update the reward dictionary
    reward_dict[front][rearmove] += reward
    
    return reward

# Example usage: Updating the reward with the current front and rear positions
update_reward(""front"", ""back"")
print(reward_dict)
```

In this code:
- The `update_reward` function checks if the drone is in front or behind a specific object.
- It calculates a reward based on whether the drone is in front or behind the specified objects.
- The reward is updated in the `reward_dict`.

This approach ensures that the drone always tries to move towards the closest object while also penalizing it when it goes too far away. Adjust the thresholds (`distance_threshold`, `proximity_threshold`) according to your specific requirements. 

By implementing this reward function, the drone will be incentivized to move towards the object it thinks is closest, thus improving its performance and efficiency in completing tasks.",0
Drone moves forward and there is three objects in front of the drohen lined up. What is your reward function? ,"To determine a reward function for this scenario, we need to consider both the movement of the drone and the objects it encounters. The reward should encourage the drone to move forward and avoid colliding with the objects.  Here's a step-by-step approach:  1. **Define the state**:     - Let \( x \) be the position of the drone.    - Let \( y \) be the height of each object (in meters).  2. **Reward Function**:    - If the drone moves forward from its current position \( x \), the reward would be positive if the drone successfully reaches higher positions or avoids collisions with the objects.    - For example, if the drone is at position 5 meters and there are two objects at heights of 3 meters and 4 meters respectively, the reward could be +10 points if the drone moves forward to reach a new position where one of the objects is within 2 meters of the drone's current position.  3. **Mathematical Formulation**:    - Define the reward function as \( R(x, y) = \frac{y}{\sqrt{x^2 + (y-5)^2}} \).    - This function penalizes the drone moving too far backward due to collision with an object, but encourages it to move forward when possible while avoiding collisions.  By defining this reward function, you can ensure that the drone will try to move forward, maximizing the chances of reaching higher positions and avoiding any potential collisions with the objects.  Thus, the reward function is:  \[ \boxed{R(x, y) = \frac{y}{\sqrt{x^2 + (y-5)^2}}} \]","To determine a reward function for this scenario, we need to consider both the movement of the drone and the presence of objects in its path.  1. **Movement Reward**: The drone's movement forward indicates progress towards completing its mission or reaching a goal. 2. **Object Presence Reward**: If there are objects in front of the drone, it may trigger an action that could be rewarding (e.g., landing, taking off).  Given these two factors, a simple reward function could involve a combination of the current position (forward movement) and the presence of objects (triggering an action). A common approach in robotics and reinforcement learning is to use a combination of the absolute value of the distance from the center of the object and the time elapsed since the last move.  Hereâ€™s how you might formulate the reward:  - **Reward Function**:   \[   R = -\text{distance} + t   \]   where \( R \) is the reward, \(\text{distance}\) is the absolute distance from the drone to the center of the first object, and \(t\) is the time elapsed since the drone last moved.  This function penalizes the drone when it is far away from the object due to the negative term \(-\text{distance}\), but also rewards it when it is near the object because the positive term \(t\) increases with time.  ### Explanation: - **Distance Term**: This term penalizes the drone if it is too far from the object. - **Time Term**: This term increases the reward as the drone approaches the object, making it more likely to land after a certain period.  By combining these terms, the reward function encourages the drone to move closer to the object by increasing its speed until it lands, thereby providing a sense of accomplishment or completion. However, it also introduces a penalty for moving further than necessary, which can help maintain the drone's balance and safety during the task.",1
Drone moves forward and there is three objects in front of the drohen lined up. What is your reward function? ,"To determine a reward function for this scenario, we need to consider both the movement of the drone and the impact on the objects it encounters.  1. **Movement Reward**:     - If the drone successfully completes its mission without colliding with any object, you might receive a reward.    - For example, if the drone lands safely at the end of the line, you could give a small reward like ""Well done!""  2. **Object Impact**:    - If an object hits the drone while moving or after the drone has moved, you might also receive a reward.    - This could be based on the size of the hit, how far the object was from the drone's line of sight, etc.  Let's assume the following values for simplicity:  - The drone starts 0 meters away from the first object. - After the first object, the drone moves 5 meters forward. - The second object is located 3 meters behind the first one, so the drone moves another 8 meters (since \(5 + 8 = 13\)). - The third object is located 7 meters behind the first one, so the drone moves another 14 meters (since \(13 + 7 = 20\)).  ### Reward Calculation  - **First Object Hit**:    - The drone is now 20 meters from the first object.   - You would give a reward if the drone landed safely here.   - Let's say the drone landed 2 meters safe distance from the first object.   - Therefore, you might get a reward of ""Good job! Safe landing.""  - **Second Object Hit**:   - The drone is now 33 meters from the first object.   - You would give a reward if the drone landed safely here.   - Let's say the drone landed 1 meter safe distance from the first object.   - Therefore, you might get a reward of ""Good job! Safe landing.""  - **Third Object Hit**:   - The drone is now 47 meters from the first object.   - You would give a reward if the drone landed safely here.   - Let's say the drone landed 2 meters safe distance from the first object.   - Therefore, you might get a reward of ""Good job! Safe landing.""  By combining these rewards for each object, you can create a more comprehensive reward system that takes into account both the success of the drone's mission and the impact of hitting objects. This type of reinforcement learning problem often involves multiple steps and complex decision-making processes, which are typically handled using reinforcement learning algorithms.  For a simplified version, let's consider the following:  - **Reward Function**:   - If the drone successfully lands safely: \( R = 1 \)   - If the drone hits an object: \( R = 1 \) (for safety)  So, the reward function for this scenario could be:  \[ R = \begin{cases}  1 & \text{if the drone lands safely} \\ 1 & \text{if the drone hits an object} \end{cases} \]  This gives you a simple yet effective way to handle the reinforcement learning aspect of the problem. Adjustments might be needed depending on specific details about the environment and the desired behavior of the drone.   In summary, the reward function could look something like this:  \[ \boxed{R = \begin{cases}  1 & \text{if the drone lands safely} \\ 1 & \text{if the drone hits an object} \end{cases}} \]","The reward function should take into account the distance between the objects, the speed of the drone, and any obstacles it encounters.
The reward function for a drone that moves forward and encounters objects in its path can be formulated as follows:
Reward = 0 if no object is encountered
Reward = -1 * distance to first object + 1 * distance to second object + 2 * distance to third object
Explanation: 
- If no object is encountered (i.e., the drone has not moved past the objects), then the reward is zero since there is nothing to do.
- If an object is encountered, the reward decreases by the distance from the drone to the object. This encourages the drone to move closer to the objects as soon as possible.
- By increasing the reward for each object encounter by a factor of two, we encourage the drone to keep moving towards the objects as quickly as possible. This is because the more objects are encountered, the faster the drone needs to move to reach them.
Note that this is just one possible reward function, and the actual reward function may depend on the specific application or task at hand. Additionally, different rewards could be assigned based on other factors such as the time taken to complete the task, the quality of the objects encountered, etc.",1
Drone moves forward and there is three objects in front of the drohen lined up. What is your reward function? ,"In this case, I am trying to figure out a way to get my drone to move forward with three objects lined up behind it.  My drone has 3 motors which can be controlled by a single joystick. I have a few options:  *  *If the object is at the top left corner (0,0), then I want the drone to move forward until it hits the object.  *If the object is at the bottom right corner (128,64), then I want the drone to move forward until it hits the object.  *If the object is in between the two corners, then I want the drone to move forward until it hits the object.  *If the object is in the middle of the screen, then I want the drone to move forward until it hits the object.  What would you recommend? To address the problem of moving the drone so that it aligns itself with three objects positioned in front of it, you can create a reward function that encourages the drone's movement towards these objects while penalizing its movement away from them. Hereâ€™s how you might approach designing an appropriate reward function for your drone:  ### Reward Function Design  #### Objective: - The objective is to maximize the distance between the drone and each object as quickly as possible.  #### Reward Structure: 1. **Reward for Alignment:**    - If the drone successfully aligns with one of the objects, the reward should increase exponentially over time due to the proximity effect.     2. **Penalty for Misalignment:**    - If the drone deviates too far from any object, a penalty should be imposed to discourage further misalignments.  ### Implementation Steps  1. **Define Object Positions:**    - Define the positions of the three objects relative to the center of the screen.    - For simplicity, let's assume the objects are centered on the screen and their coordinates are `[0, 0]`, `[128, 64]`, and `[512, 32]`.  2. **Initialize Variables:**    - Initialize variables to keep track of the current position of the drone and the distance to each object.  3. **Update Distance Between Drone and Objects:**    - Use a loop to update the distance between the drone and each object every frame.    - When the drone is aligned with one of the objects, add a small probability (e.g., `0.1`) to move the drone closer to that object.    - Otherwise, subtract a small probability (e.g., `-0.1`) to move the drone farther from that object.  4. **Handle Misaligned Conditions:**    - If the drone is not aligned with any object after several frames, impose penalties based on the Euclidean distance between the drone and the nearest object.  ### Example Code Snippet  Here is a simplified example using Python and NumPy:  ```python import numpy as np  # Constants NUM_OBJECTS = 3 SCREEN_WIDTH, SCREEN_HEIGHT = 1920, 1080 DRONE_X, DRONE_Y = SCREEN_WIDTH // 2, SCREEN_HEIGHT // 2  # Object positions OBJECTS = [     [0, 0],  # Top-left corner     [SCREEN_WIDTH / 2, SCREEN_HEIGHT / 2],  # Center of the screen     [SCREEN_WIDTH, SCREEN_HEIGHT / 2]  # Bottom-right corner ]  # Initialize variables drone_position = [DRONE_X, DRONE_Y] distances_to_objects = []  for i, obj_pos in enumerate(OBJECTS):     dist = np.linalg.norm([obj_pos[0] - drone_position[0], obj_pos[1] - drone_position[1]])     distances_to_objects.append(dist)  # Update the drone's position and distance to objects while True:     new_dist = np.random.rand() * min(distances_to_objects) + max(distances_to_objects)          if new_dist < 0.5:         # Align with the first object         drone_position = OBJECTS[i][0] + (OBJECTS[i][1] - drone_position) * new_dist     elif new_dist > 0.5:         # Align with the second or third object         drone_position = OBJECTS[(i+1)%3][0] + (OBJECTS[(i+1)%3][1] - drone_position) * new_dist     else:         # Move back to the original position         drone_position = [DRONE_X, DRONE_Y]      # Check if the drone is aligned with an object     aligned = all(np.linalg.norm([obj_pos[0] - drone_position[0], obj_pos[1] - drone_position[1]]) <= 0.5 for obj_pos in OBJECTS)          # Penalize if the drone is not aligned     if not aligned:         print(f""Alignment failed! Drone moved {new_dist:.2f} units."") ```  This code snippet initializes the drone's position and updates its distance to the closest object every frame. It handles alignment conditions and penalizes misalignment. Adjust the constants (`SCREEN_WIDTH`, `SCREEN_HEIGHT`, etc.) according to your specific setup.   By implementing this approach, you ensure that the drone moves towards the objects while avoiding them, maximizing the chance of aligning with them. Adjust the probabilities and thresholds as needed for better performance.","The reward function should be based on the number of objects that are in front of the drone.
To create a reward function for an object detection system, we need to consider two main factors: detecting the objects and correctly identifying their positions relative to the drone. Here's how you can set up such a reward function:

### Reward Function:
- **Reward 1:** Detecting at least one object
- **Reward 2:** Correctly identifying each detected object as being in front of the drone

### Implementation Steps:

1. **Detect Objects:** Start by initializing a list to keep track of all detected objects.
2. **Correct Identification:** For each detected object, check if it is in front of the drone (i.e., its position matches with the drone).
3. **Update Reward:** If the correct identification is performed, increase the reward for that object.

Hereâ€™s a simple implementation in Python using NumPy:

```python
import numpy as np

def reward_function(drones):
    # Initialize a counter for rewards
    reward = 0
    
    # Loop through each drone
    for i, drone in enumerate(drones):
        # Check if the drone has detected any objects
        if len(drone.object_list) > 0:
            # Iterate over each object detected by the drone
            for j, obj in enumerate(drone.object_list):
                # Check if the object is in front of the drone
                if obj.position.x < drones[i].x and obj.position.y < drones[i].y:
                    # Increase the reward for this object
                    reward += 1
        
        # Update the overall reward
        reward += 1
    
    return reward

# Example usage:
drones = [
    [0, 0, 5],  # Object A in front of drone
    [4, 4, 8],  # Object B in front of drone
    [7, 6, 9]   # Object C in front of drone
]

reward = reward_function(drones)
print(""Total Reward:"", reward)
```

### Explanation:
- **`drone.object_list`:** This is a list containing dictionaries where each dictionary represents an object detected by the drone. Each dictionary includes `position`, which contains the x and y coordinates of the object relative to the drone.
- **`obj.position.x < drones[i].x` and `obj.position.y < drones[i].y`:** These checks ensure that the object is not behind or in front of the drone.
- **`reward += 1`:** This increment ensures that the reward increases when a correct identification is made.

This reward function will help in training the drone to detect more objects and accurately identify them within the drone's field of view. Adjust the parameters (`reward`) as needed to better suit your specific needs.",0
